target,horizon,fold,rows,current_c0_mape,best_single_branch,best_single_mape,full_oracle_mape,split_half_oracle_mape,full_oracle_weights
generator_1,15,dev_01,192,0.030279364646762064,persistence_pred,0.03131865917258478,0.029764347643428127,0.03049305912077724,"[0.49888706057743615, 2.7677987302981125e-18, 0.25319705026093803, 7.407303958374622e-18, 0.24791588916162588]"
generator_1,15,dev_02,192,0.02766710156347681,lgb_residual_pred,0.028689931713345673,0.027445348052816437,0.027683431362402002,"[0.5334355413115954, 8.32099303327464e-19, 0.08035321010934213, 2.0991518472909202e-19, 0.3862112485790627]"
generator_1,15,dev_03,192,0.03667020855078147,lgb_residual_pred,0.036307466333986065,0.035487916384800526,0.03714382059496928,"[0.2620356352709404, 0.23631365753432246, 7.671700406075918e-18, 0.11820270666569442, 0.3834480005290427]"
generator_1,15,dev_04,192,0.037035494499437736,persistence_pred,0.03779637692719317,0.03701700046734459,0.03833974029559155,"[0.653006507398042, 2.5614559023610535e-17, 2.4690975331352182e-21, 0.1332595893665562, 0.21373390323540198]"
generator_1,15,dev_05,192,0.02765843125867115,persistence_pred,0.028304609656623774,0.02740759331417515,0.02813657142354639,"[0.42998109844458493, 3.082561562955067e-17, 0.3445181479940894, 0.22550075356132554, 1.1463033794590843e-17]"
generator_1,15,dev_06,192,0.01850928156418172,persistence_pred,0.01953328534921873,0.018541360547243278,0.01896515123928814,"[0.6445892420019385, 7.016438830839296e-19, 3.782130253025348e-18, 0.013212559964584201, 0.3421981980334775]"
generator_1,15,dev_07,192,0.028448307867026807,persistence_pred,0.029598356378027296,0.028295546260576735,0.029389888819289566,"[0.5460819947023319, 4.949774822143228e-17, 1.6581150648728562e-17, 1.1308677157573594e-19, 0.453918005297668]"
generator_1,15,dev_08,192,0.03962817836038216,gas_ridge_pred,0.0403808922682433,0.03916610231991418,0.03938512923045292,"[0.4237639618415243, 2.015707604624876e-17, 8.971467524635162e-18, 0.02174781228055652, 0.5544882258779192]"
generator_1,15,dev_09,192,0.03204642940602354,gas_ridge_pred,0.03238809373857467,0.03183952667600077,0.03231899176096565,"[0.26419453021179806, 5.5412129920858285e-19, 1.025244934113817e-17, 0.1253024537776147, 0.6105030160105873]"
generator_1,15,dev_10,192,0.03169368051191452,lgb_residual_pred,0.03257448858238432,0.03155809279689678,0.03228279345045896,"[0.50251271337332, 9.425580411148807e-19, 0.1575597974310423, 2.8627324100234404e-16, 0.3399274891956373]"
generator_1,15,dev_11,192,0.041710099586814854,gas_ridge_pred,0.04151418594660632,0.04129016163910231,0.04153114318558151,"[0.24608739958425102, 8.488567543991496e-19, 0.07754799049581947, 0.5286764332660568, 0.147688176653873]"
generator_1,15,dev_12,192,0.043516695611863276,gas_ridge_pred,0.04394950259092443,0.04340723037909025,0.04396708689302823,"[0.3496924868292475, 3.7398043974223996e-17, 3.9079746375363305e-17, 0.5071028585360137, 0.1432046546347387]"
generator_1,15,dev_13,192,0.02220901608522179,persistence_pred,0.02253588368606151,0.022107608457291608,0.022225768195770147,"[0.65449170743434, 1.7881250219407812e-18, 5.1106002134942153e-17, 5.950779539851667e-17, 0.34550829256565957]"
generator_1,15,dev_14,192,0.019164101698613736,gas_ridge_pred,0.019222614198969815,0.018908276076919937,0.0190851867468434,"[0.17384983227339376, 2.49880387781727e-17, 1.075684228988445e-16, 0.4850512733777462, 0.3410988943488601]"
generator_1,15,dev_15,192,0.022314353256955726,persistence_pred,0.02244964647940023,0.022217986899506364,0.022625904876210894,"[0.7142078742366746, 6.367264269103494e-17, 0.0008166460620831732, 8.782997391527068e-19, 0.2849754797012423]"
generator_1,15,dev_16,192,0.02299312440683365,recent_ridge_pred,0.02287299765212096,0.022507695513861215,0.023023094552998908,"[0.24888046358390542, 8.302648564923349e-17, 0.5351214764162207, 8.01333915745947e-18, 0.2159980599998738]"
generator_1,15,dev_17,192,0.03262657435383961,recent_ridge_pred,0.03217742777935426,0.031997500000878885,0.03251246617581744,"[5.434693311131892e-19, 1.937442832423279e-18, 0.6002047899883699, 0.25774922287098606, 0.14204598714064398]"
generator_1,15,dev_18,192,0.027259849645673656,lgb_residual_pred,0.02573229494727236,0.025732294947272527,0.025732294947272364,"[0.0, 2.3314683517128287e-15, 0.0, 2.8462433409129016e-17, 0.9999999999999996]"
generator_1,15,dev_19,192,0.026714930393529613,lgb_residual_pred,0.026624866980265543,0.02639395186064106,0.027295145219650097,"[0.2062877895706025, 6.515112609330446e-17, 9.859550133398545e-18, 0.3123332178603866, 0.48137899256901096]"
generator_1,30,dev_01,192,0.03787470124585988,persistence_pred,0.038813065835338674,0.03680206356282232,0.03789976624770786,"[0.5634359176421654, 2.0301799316125888e-18, 0.1807994955821999, 7.76025304167627e-18, 0.2557645867756348]"
generator_1,30,dev_02,192,0.037196125952772253,persistence_pred,0.03757027830126119,0.036947961517294355,0.038133100180709166,"[0.7309400107655882, 0.19592897423134498, 0.07313101500306693, 1.9840589826875552e-19, 5.421804578697895e-20]"
generator_1,30,dev_03,192,0.0513291116056771,ridge_pred,0.049611887168786915,0.04822521980124361,0.0485009288691868,"[0.11586748741210148, 0.008526490421417085, 4.128648480622588e-21, 0.38141733061100985, 0.49418869155547157]"
generator_1,30,dev_04,192,0.049070659392076915,persistence_pred,0.04995570630240021,0.04899082385280848,0.04942682680113667,"[0.7321802965077835, 4.248863067394883e-17, 1.2339493816440429e-18, 0.23340876023513293, 0.03441094325708352]"
generator_1,30,dev_05,192,0.03444756603061506,persistence_pred,0.035102762319042226,0.034214947606184994,0.03486260090896959,"[0.6336234407149293, 2.7314041544077505e-19, 0.27309260460051327, 4.241515146933693e-22, 0.09328395468455766]"
generator_1,30,dev_06,192,0.02504490631585496,persistence_pred,0.026026318949223165,0.025056001563015698,0.02511974641188901,"[0.7099662031092829, 1.315492462591288e-19, 3.913099306703355e-18, 3.385591444965223e-19, 0.2900337968907173]"
generator_1,30,dev_07,192,0.04225955262117979,persistence_pred,0.043511743877439134,0.04184853143439449,0.042538043405863785,"[0.5263817212891284, 0.32958060599917716, 2.114353262080904e-18, 0.14403767271169457, 5.041586993395322e-18]"
generator_1,30,dev_08,192,0.058131404567780376,gas_ridge_pred,0.05729278509042621,0.057166496268826604,0.059475323902610976,"[0.12131150969789224, 7.006593802338239e-18, 3.7310145263542375e-19, 0.6930470167164788, 0.185641473585629]"
generator_1,30,dev_09,192,0.04450897749364171,persistence_pred,0.04557801490038115,0.044302558494879386,0.0450341670430755,"[0.4988772621765409, 9.321919327213508e-17, 4.323955973809199e-17, 0.03069733000860419, 0.47042540781485487]"
generator_1,30,dev_10,192,0.04471513990842713,persistence_pred,0.04485340570327737,0.04414495631908,0.045842754060763186,"[0.7127888797146985, 5.823304846832635e-22, 7.88301980262354e-17, 2.601095694710548e-22, 0.28721112028530155]"
generator_1,30,dev_11,192,0.059289818387025815,gas_ridge_pred,0.059625662935006755,0.058909861222602576,0.05998334646642794,"[0.3658831792432156, 3.266243487643744e-17, 9.73006135284625e-19, 0.25154019488053647, 0.382576625876248]"
generator_1,30,dev_12,192,0.0672512753498775,persistence_pred,0.06886518995900702,0.06697422592991191,0.06763561487577724,"[0.5107859046655786, 1.1579066036146221e-17, 0.1837070762721677, 0.30550701906225713, 1.400939378592274e-17]"
generator_1,30,dev_13,192,0.03104707788514659,persistence_pred,0.03129241398488811,0.030724208048950253,0.030846683707735686,"[0.6569698000678286, 1.9753385985733792e-18, 1.2584343621260273e-18, 5.154468727696491e-18, 0.34303019993217165]"
generator_1,30,dev_14,192,0.026996754987183697,persistence_pred,0.028224015805346458,0.026843426402867354,0.02731022877103807,"[0.5589717444515631, 1.4718405766816408e-19, 2.2702761683996435e-18, 3.279257896746946e-17, 0.4410282555484371]"
generator_1,30,dev_15,192,0.03379466758346815,persistence_pred,0.03392955747318678,0.03361042929029958,0.03444874877012999,"[0.6790373567530518, 4.3887343823872134e-17, 9.747418314722181e-18, 1.181491978446755e-17, 0.32096264324694823]"
generator_1,30,dev_16,192,0.03251811730297596,recent_ridge_pred,0.03197663616714292,0.031112766494505645,0.031688582531321736,"[4.8484347889966216e-20, 0.04327031192164008, 0.5511989692039551, 0.27492836394498793, 0.13060235492941674]"
generator_1,30,dev_17,192,0.04726218291124329,ridge_pred,0.04560871466296756,0.04533228070220404,0.045550454838427124,"[1.2058105968737132e-17, 5.738368417421669e-17, 0.4660541490109915, 0.08238704924832485, 0.45155880174068364]"
generator_1,30,dev_18,192,0.033393017751514986,lgb_residual_pred,0.03223726549262027,0.03222574896314149,0.03232021021290168,"[0.051258570646658376, 5.1366374075137947e-23, 4.534416719503424e-18, 1.653583970627901e-16, 0.9487414293533418]"
generator_1,30,dev_19,192,0.03782676809262845,lgb_residual_pred,0.03811461262256452,0.03756340077570668,0.03896501507014783,"[0.42707633629922914, 1.3223606342536017e-16, 1.3751385914709565e-19, 5.5656642710336546e-18, 0.5729236637007707]"
generator_1,45,dev_01,192,0.043782647208605696,persistence_pred,0.04467388927751417,0.042211273856981014,0.04738306317502952,"[0.5489915399678396, 2.7335347286399702e-17, 0.19671706644924836, 3.5402078766506413e-19, 0.2542913935829121]"
generator_1,45,dev_02,192,0.04887042221119272,persistence_pred,0.049453105042611835,0.04808272306042888,0.04908241425172669,"[0.5325172848020914, 0.36259384575182385, 0.07982387296416701, 7.9439470675352e-18, 0.025064996481917658]"
generator_1,45,dev_03,192,0.06515642360836481,gas_ridge_pred,0.0637516746996986,0.0616659252903202,0.06297138956733249,"[2.129248336262318e-16, 6.139058651287486e-16, 7.102927309117542e-20, 0.5594833883562449, 0.44051661164375433]"
generator_1,45,dev_04,192,0.05718776861248296,persistence_pred,0.058246204829175786,0.05711728022230141,0.057739771556707946,"[0.7763876326344116, 9.692264091962418e-22, 2.125668849517377e-21, 0.12864593040521033, 0.09496643696037813]"
generator_1,45,dev_05,192,0.038148676187276416,persistence_pred,0.038109273043850034,0.03784545156842623,0.03958122587392523,"[0.8746306549496048, 3.1100985213550187e-18, 0.10723995485128848, 1.4315509517990053e-19, 0.0181293901991067]"
generator_1,45,dev_06,192,0.028106651389265908,persistence_pred,0.028668315215938444,0.028009092176780274,0.028142090471174552,"[0.8271346950387815, 2.445955121914597e-22, 7.403750061661467e-18, 1.038933295517712e-17, 0.17286530496121855]"
generator_1,45,dev_07,192,0.05286720936234548,persistence_pred,0.054066386828685094,0.05188573255122813,0.053040607150606454,"[0.34021372669597844, 0.277229428666418, 0.05751691351623586, 0.32503993112136775, 9.374907537614106e-19]"
generator_1,45,dev_08,192,0.07116728589445671,gas_ridge_pred,0.06949216850867224,0.06935089300774665,0.07017436471202641,"[0.22360527437887695, 2.4215451888248514e-18, 3.699935206441563e-11, 0.7763947255841235, 1.3579174319585262e-17]"
generator_1,45,dev_09,192,0.054313625914566205,persistence_pred,0.05524057791899472,0.05419206412369457,0.05504490930067704,"[0.7022800780145347, 9.570075650550323e-19, 3.665947339161609e-18, 0.10351298489778424, 0.19420693708768094]"
generator_1,45,dev_10,192,0.0527258652314368,persistence_pred,0.052547123524338324,0.05193891167948759,0.052714621010353326,"[0.7252771752063945, 0.051994540500242395, 0.04542051796716135, 5.923442527472533e-19, 0.17730776632620182]"
generator_1,45,dev_11,192,0.06992201486318378,gas_ridge_pred,0.06976390765081436,0.06894343325887466,0.07051600901412193,"[0.16624797353854823, 3.235052763702011e-19, 9.160416680254735e-18, 0.5358826513416853, 0.29786937511976636]"
generator_1,45,dev_12,192,0.082507035933392,persistence_pred,0.08483033992397326,0.08179648266787624,0.08211659088241258,"[0.6301915304770621, 2.811235349873217e-17, 0.07017325967181051, 2.2406531334407645e-17, 0.2996352098511274]"
generator_1,45,dev_13,192,0.0374279018726964,persistence_pred,0.03688702073361339,0.036751585440295075,0.03691981981261753,"[0.9139522890757689, 2.5304425408506756e-18, 8.254831367850138e-19, 8.547493864382679e-17, 0.08604771092423118]"
generator_1,45,dev_14,192,0.03159678428465026,persistence_pred,0.032442484994935794,0.031572118554920224,0.03271514055742992,"[0.5752652632459547, 1.4970349803404093e-17, 0.018054033697880337, 0.296270581115769, 0.110410121940396]"
generator_1,45,dev_15,192,0.043652393821057255,persistence_pred,0.04318388746087808,0.04316289430427201,0.043912515995807956,"[0.8824760044340988, 3.0057704284340656e-17, 4.921640568180968e-18, 1.9319985581091555e-16, 0.11752399556590126]"
generator_1,45,dev_16,192,0.03727771027703958,recent_ridge_pred,0.03695783579832673,0.036042872040058814,0.03634546407404934,"[0.2226240458530231, 2.5634174519196243e-18, 0.4981965210855211, 0.16168921861723493, 0.11749021444422096]"
generator_1,45,dev_17,192,0.061136760014066156,recent_ridge_pred,0.05577377592990774,0.05557128508909207,0.055742598944450404,"[1.7804739355468696e-17, 7.151908746936219e-17, 0.5537857008755127, 8.157522790916308e-17, 0.4462142991244876]"
generator_1,45,dev_18,192,0.0393649256118988,ridge_pred,0.03762946696093028,0.03749204981043704,0.03806823898943477,"[1.070154036664436e-16, 0.7006624664974964, 2.6503176144367264e-17, 0.2993375335025055, 3.759392317627037e-16]"
generator_1,45,dev_19,192,0.04465042030311938,gas_ridge_pred,0.045026937843208575,0.04430213854599218,0.04467227258888379,"[0.51593016169875, 6.391668771474793e-21, 0.0, 0.19164531510726443, 0.29242452319398565]"
generator_1,60,dev_01,192,0.04900046352591331,persistence_pred,0.04928144174612053,0.046717574746835154,0.05199395200387635,"[0.6498574812474103, 1.7518214044051083e-17, 0.22027218769442336, 2.0559183887048454e-17, 0.12987033105816634]"
generator_1,60,dev_02,192,0.05873169021739293,persistence_pred,0.05947594723867675,0.05809704233111285,0.05867369250003395,"[0.6777741891491106, 0.25830258577433546, 0.06392322507655397, 1.1841756693967109e-17, 1.656228183640359e-17]"
generator_1,60,dev_03,192,0.07747709298606406,gas_ridge_pred,0.07460215594631346,0.07322397808213221,0.07584635326034654,"[0.06239688520795945, 3.533647846461356e-16, 0.0, 0.5301337747778339, 0.40746934001420637]"
generator_1,60,dev_04,192,0.06925264798859294,persistence_pred,0.07048305634749508,0.06883045799577224,0.06989921422003573,"[0.7239928047414156, 3.264768423679739e-21, 0.0167128188441469, 0.20992047461356772, 0.04937390180086985]"
generator_1,60,dev_05,192,0.043952898209199426,persistence_pred,0.04445467730210811,0.043377095474426024,0.045881886303723786,"[0.7752548029567058, 2.0027808554144073e-18, 0.14303557920536886, 1.2330919615921384e-17, 0.08170961783792546]"
generator_1,60,dev_06,192,0.03313338375088085,persistence_pred,0.03341630972077498,0.032944056975171394,0.03358795647270455,"[0.8613892553464102, 9.8304366752624e-20, 4.395435230519452e-18, 0.10714920989708515, 0.0314615347565046]"
generator_1,60,dev_07,192,0.06362209209839698,persistence_pred,0.06496419324561757,0.06277916515565662,0.0631198390699493,"[0.5670494161862966, 0.042228602338788127, 0.055706427174211766, 0.24393423416335938, 0.0910813201373443]"
generator_1,60,dev_08,192,0.08591472781512123,gas_ridge_pred,0.0826057636786454,0.0824798456086454,0.08309607992522079,"[0.0, 0.08958163269118319, 3.2577680708363678e-21, 0.9104183673088169, 6.355474039456985e-17]"
generator_1,60,dev_09,192,0.06212930742961962,persistence_pred,0.06267387445422237,0.06161629863129162,0.06179913910773185,"[0.8191247223428271, 0.07268471550653631, 8.277542319015842e-20, 4.1853997583779016e-19, 0.10819056215063652]"
generator_1,60,dev_10,192,0.060163741455783216,persistence_pred,0.05927319090905214,0.05909843012382249,0.060112310867014025,"[0.8719800137838254, 0.12801998621617458, 6.995229651364268e-18, 1.919284640143219e-16, 7.912798371177792e-20]"
generator_1,60,dev_11,192,0.08265412706032593,gas_ridge_pred,0.08045143458321968,0.07949285222399805,0.08162569816341182,"[0.022538152292662605, 1.0727573392030406e-16, 0.010693657566045464, 0.5806641216978369, 0.38610406844345496]"
generator_1,60,dev_12,192,0.09612479858822258,gas_ridge_pred,0.0994108786812689,0.09499704903458729,0.0958709523495951,"[0.593026724420533, 0.158433042322271, 0.11835246968641347, 3.9161105902445914e-17, 0.13018776357078266]"
generator_1,60,dev_13,192,0.04264076472541617,persistence_pred,0.041880496258783706,0.0416426755335057,0.041644780385050886,"[0.9254511208530867, 0.0, 0.0, 2.1298426263550935e-17, 0.07454887914691341]"
generator_1,60,dev_14,192,0.03776229732673348,persistence_pred,0.038600764726145514,0.03772395148074275,0.041284552383552005,"[0.7585510673540531, 1.5023213564543355e-18, 0.050270283733001936, 0.015665662688253087, 0.1755129862246919]"
generator_1,60,dev_15,192,0.051874358668698946,persistence_pred,0.05067058509866993,0.050667529754785966,0.0518078741866122,"[0.9459797919976843, 5.240188356934733e-19, 7.945601044989722e-21, 3.962895867677962e-17, 0.054020208002315606]"
generator_1,60,dev_16,192,0.042990689322932076,recent_ridge_pred,0.04307019001286603,0.04188710734357474,0.04353563938853338,"[0.2430948816010473, 8.274979906889744e-20, 0.36410930556355997, 0.2752816736261591, 0.11751413920923366]"
generator_1,60,dev_17,192,0.07552494012622739,recent_ridge_pred,0.06676661875720795,0.06650863919065657,0.06652861651973556,"[2.8905782885930845e-17, 8.132862813321997e-22, 0.6562628128270067, 0.0, 0.3437371871730001]"
generator_1,60,dev_18,192,0.04789187000334346,lgb_residual_pred,0.04546831838790145,0.04546435952959115,0.04663910151917786,"[2.957865151048286e-17, 4.624535066532116e-17, 1.3018113827552824e-16, 0.21203055021405323, 0.7879694497859466]"
generator_1,60,dev_19,192,0.05337978153712885,lgb_residual_pred,0.05313561078750814,0.0522257037889036,0.05323511481222992,"[0.42242027511979424, 3.527467008990103e-16, 4.364668941292555e-20, 0.023774849133698723, 0.5538048757465067]"
generator_1,75,dev_01,192,0.053139743582144565,persistence_pred,0.05321908839374842,0.04989979260123345,0.06198935615813095,"[0.62033100730814, 2.9978920054792862e-18, 0.13429052023770324, 3.520811656037554e-17, 0.24537847245415692]"
generator_1,75,dev_02,192,0.0713550617209619,persistence_pred,0.0727242375746122,0.07001577959971524,0.07234690205089857,"[0.5531868608430615, 0.13673430536060194, 0.09226365097011857, 1.2481988404698802e-17, 0.21781518282621787]"
generator_1,75,dev_03,192,0.08666618539484516,gas_ridge_pred,0.08489496093769737,0.08314162774423345,0.08738486333587785,"[0.29334851163707326, 0.2777498327015465, 1.5179200481482934e-18, 0.4289016556613802, 1.2572384145094836e-16]"
generator_1,75,dev_04,192,0.0807835450619277,persistence_pred,0.08142336049862184,0.08024964810262354,0.08113984807409906,"[0.7906548600756401, 1.4961330131738995e-18, 0.010176760930274758, 0.19916837899408507, 2.7642066986371005e-18]"
generator_1,75,dev_05,192,0.048840514595900046,persistence_pred,0.047552682068521,0.04695109649371271,0.04936808028826384,"[0.8119241150067961, 8.602479695203383e-19, 0.18807588499320405, 2.0857322651965314e-17, 9.068945923379568e-19]"
generator_1,75,dev_06,192,0.0362578240844187,persistence_pred,0.036715677946150764,0.03578256311480086,0.03654551073776708,"[0.8292306505169897, 3.2857326767206406e-19, 0.0, 0.13289302739297218, 0.03787632209003808]"
generator_1,75,dev_07,192,0.07584270052718173,ridge_pred,0.07703645679149129,0.07403770895218299,0.07492060626139978,"[0.3912715796182958, 0.2731504207533264, 0.07096682190718742, 0.2646111777211904, 9.151464898551916e-18]"
generator_1,75,dev_08,192,0.09712271410034849,gas_ridge_pred,0.09140771156071976,0.09140771156071976,0.09224303680047825,"[2.7755575615628914e-17, 1.5189160099002143e-17, 0.0, 0.9999999999999999, 6.605375656512326e-17]"
generator_1,75,dev_09,192,0.06827822062201226,persistence_pred,0.06999399645721087,0.06774847255962448,0.06829994211510419,"[0.7265585301852344, 0.04974329671425621, 6.229212708756493e-18, 1.747515287907669e-17, 0.22369817310051182]"
generator_1,75,dev_10,192,0.06713777114976986,persistence_pred,0.06716897373178321,0.06622215266245905,0.06785166627386706,"[0.7002006195043262, 0.051270350846001324, 0.032906565982230795, 5.5022269434033506e-18, 0.21562246366744173]"
generator_1,75,dev_11,192,0.0922875122574706,lgb_residual_pred,0.08980643984113192,0.08903501306830626,0.09069617560251235,"[2.4147212493564585e-17, 2.5924965160355152e-17, 0.14958138024705409, 0.47854616778225434, 0.37187245197069185]"
generator_1,75,dev_12,192,0.10802479897679895,gas_ridge_pred,0.11133914850042735,0.10693643922586493,0.11239826377595626,"[0.6321681626461335, 0.0, 1.3385876702308234e-18, 3.343349109081651e-17, 0.3678318373538665]"
generator_1,75,dev_13,192,0.04703529747054911,persistence_pred,0.04617687395414438,0.046075452946770706,0.046587133027865206,"[0.9671446089622525, 4.902359206404684e-19, 0.032855391037747435, 5.819981759030543e-22, 2.5214024566532028e-23]"
generator_1,75,dev_14,192,0.04302911627809574,persistence_pred,0.04390237619052132,0.04294744912982784,0.04664233806022747,"[0.672146534881707, 0.0, 0.1268917173145932, 0.20096174780369983, 1.0784201953100665e-17]"
generator_1,75,dev_15,192,0.05971292661701532,persistence_pred,0.05790908116736667,0.05790552555259961,0.05820958590757411,"[0.9890971563383183, 3.0394256265325674e-18, 3.1588158188027223e-17, 2.6625706869631478e-18, 0.010902843661681587]"
generator_1,75,dev_16,192,0.04941535691274503,gas_ridge_pred,0.049471828322921324,0.047607460011100604,0.058077024197618045,"[1.6223480558482787e-17, 3.409938215447583e-17, 0.5287851950690085, 0.23799128242784462, 0.23322352250314687]"
generator_1,75,dev_17,192,0.08428326036722117,recent_ridge_pred,0.07260473580323201,0.0722478645386873,0.07252251553078705,"[7.323309287806983e-17, 2.8570677329515906e-21, 0.5476184452157725, 1.2769409385429514e-17, 0.45238155478422776]"
generator_1,75,dev_18,192,0.051767816193185635,lgb_residual_pred,0.04836792801630759,0.04818912115222048,0.05030096513165035,"[1.5836651470435327e-21, 2.6960571971345046e-16, 3.599462424185982e-16, 0.1540648089897966, 0.8459351910102041]"
generator_1,75,dev_19,192,0.05947715551783955,lgb_residual_pred,0.0590534114492817,0.057511560227715364,0.05877730420339674,"[0.3159360613254226, 3.837696890348591e-18, 4.412755881095014e-19, 0.0024145379917832398, 0.6816494006827942]"
generator_1,90,dev_01,192,0.05914376475738192,persistence_pred,0.059299615220926576,0.05574575730721604,0.06918663979036731,"[0.5952109221861517, 7.070944240024289e-18, 0.18007593301099012, 1.0336931169860029e-16, 0.22471314480285803]"
generator_1,90,dev_02,192,0.08341099426500738,ridge_pred,0.08395758078273585,0.08113857754780564,0.0848094536007919,"[0.5462472384044418, 1.5818548862110778e-16, 0.17580712450413635, 3.5370399116619745e-17, 0.27794563709142195]"
generator_1,90,dev_03,192,0.09793035379399388,gas_ridge_pred,0.09628301011285821,0.09424762489317952,0.101299030744388,"[0.08620593007048641, 0.3322342474516482, 4.922880909048779e-18, 0.5815597988589898, 2.361887564683078e-08]"
generator_1,90,dev_04,192,0.09199024104656228,persistence_pred,0.09264606831986295,0.09140297905473331,0.09343184431353219,"[0.8528948096644425, 1.7422086171007676e-23, 0.009217251375237488, 2.4664619013475706e-17, 0.13788793896032003]"
generator_1,90,dev_05,192,0.05514464615256154,persistence_pred,0.052949299309566676,0.052720155272570866,0.0599570485064656,"[0.8824679662122048, 0.015795464321516132, 0.10173656946627906, 2.8000608819089754e-18, 1.4696597192153905e-19]"
generator_1,90,dev_06,192,0.040212325440074644,persistence_pred,0.04046188817492145,0.03978031563269272,0.04175337104232438,"[0.8653130064233441, 9.27942280698404e-20, 0.005828963849556099, 0.12885802972709978, 2.815102209616414e-19]"
generator_1,90,dev_07,192,0.08722136632516463,ridge_pred,0.08664194653930357,0.08354204606348122,0.08556215683477042,"[0.09304090877678867, 0.11366300695762556, 0.1889455406700945, 0.3743850459075965, 0.22996549768789473]"
generator_1,90,dev_08,192,0.1075170245176947,gas_ridge_pred,0.09866913754773575,0.09866913754773575,0.09888934909584933,"[1.6945454388553103e-16, 5.030409114821624e-18, 0.0, 0.9999999999999999, 0.0]"
generator_1,90,dev_09,192,0.07355780563740356,persistence_pred,0.07654935151167107,0.07262627777406573,0.07367647384886661,"[0.6364624457001131, 2.549277771691461e-18, 1.8636219560015583e-18, 1.3234891450960855e-17, 0.36353755429988693]"
generator_1,90,dev_10,192,0.07154552153326285,persistence_pred,0.07246045195360273,0.07030276491325077,0.07075356435173143,"[0.6527133857784908, 0.07298438033747394, 0.01174010666521231, 1.2840838174728209e-17, 0.2625621272188227]"
generator_1,90,dev_11,192,0.0963719199790315,lgb_residual_pred,0.09367724230733905,0.09132712152644018,0.09442604533327187,"[0.03261277790080799, 9.455668811765272e-20, 0.11911672085479315, 0.4994296092328379, 0.3488408920115608]"
generator_1,90,dev_12,192,0.12188294971763709,lgb_residual_pred,0.12366194985600086,0.11967609641721329,0.12548440893618684,"[0.5211014203402922, 8.097629918555737e-17, 6.135916329295202e-16, 5.119426460765251e-21, 0.47889857965970717]"
generator_1,90,dev_13,192,0.05229503561846446,persistence_pred,0.052021563675202866,0.05151202483226186,0.051650208288373654,"[0.8861559063555787, 0.019690679097198, 0.09415341454722329, 7.34912868555767e-18, 1.375277151973715e-16]"
generator_1,90,dev_14,192,0.04610554385509621,persistence_pred,0.04742909250041814,0.04581370163213128,0.05105398330527829,"[0.7019883377082954, 5.162774961902022e-09, 0.11573493565004375, 0.021558275167733607, 0.16071844631115212]"
generator_1,90,dev_15,192,0.0665904467220909,persistence_pred,0.0635280480196596,0.06352775973843608,0.06433468172682189,"[0.9956334801275369, 6.058039934096885e-19, 0.0, 1.190176747917033e-16, 0.0043665198724629085]"
generator_1,90,dev_16,192,0.05519732181389778,recent_ridge_pred,0.05537388854048659,0.05252717908564244,0.05920276867347659,"[0.04433637494067977, 3.069175666295214e-18, 0.48600375703207915, 0.27527112019386946, 0.1943887478333717]"
generator_1,90,dev_17,192,0.09388701601317288,lgb_residual_pred,0.08030420062738529,0.07911853003961333,0.07912645011340895,"[7.109288273547977e-19, 7.964604683463868e-19, 0.4439026099048606, 1.0600185682718587e-16, 0.5560973900951397]"
generator_1,90,dev_18,192,0.05664620585313673,lgb_residual_pred,0.05198029317696534,0.0517558869219971,0.052481668787954905,"[2.0784466052173174e-18, 3.446054745477811e-16, 2.4872233045206207e-17, 0.2483286085524332, 0.7516713914475673]"
generator_1,90,dev_19,192,0.06492246585721399,gas_ridge_pred,0.06491239802722189,0.06265339608532246,0.0642831032968647,"[0.32703272618709933, 6.260454853558354e-18, 6.538894260532757e-18, 0.15570642149235475, 0.5172608523205459]"
generator_1,105,dev_01,192,0.0632711528042149,persistence_pred,0.06319310327131315,0.05900928042164837,0.07094969505197689,"[0.6540465732904234, 6.267572529718294e-17, 0.16847394636653357, 1.682344385095854e-17, 0.177479480343043]"
generator_1,105,dev_02,192,0.09373107971690083,ridge_pred,0.0912980255422595,0.0900685071007153,0.09755215468861933,"[0.3770319746998014, 0.5720930497749317, 0.001847907586033413, 5.619694368511673e-17, 0.049027067939233455]"
generator_1,105,dev_03,192,0.10697015089534288,gas_ridge_pred,0.10444236521025169,0.10230315540203046,0.10956241801515841,"[2.0839989579866918e-18, 0.3404558569206847, 2.141847388980378e-17, 0.6595441430793153, 1.7444266940619917e-17]"
generator_1,105,dev_04,192,0.1024998720829805,persistence_pred,0.10338990556805945,0.10199248746305249,0.10450086145096212,"[0.8549345512547337, 3.1347996701900565e-18, 6.1186549475854176e-18, 6.826405196357033e-19, 0.14506544874526658]"
generator_1,105,dev_05,192,0.05894112760559631,persistence_pred,0.05556502598275224,0.055390635976676685,0.06371883287035461,"[0.9245748440019853, 0.0, 0.0754251559980148, 3.7302031381238624e-17, 7.618780884462597e-19]"
generator_1,105,dev_06,192,0.04168523033400706,persistence_pred,0.041881286774135794,0.04135899634745869,0.04307170988207088,"[0.8946391905905151, 9.814256007248922e-19, 0.031348907702862236, 0.07401190170662353, 0.0]"
generator_1,105,dev_07,192,0.09717381392033607,ridge_pred,0.09584951274953285,0.09346706516882741,0.0983258976777072,"[2.8535790544330166e-18, 0.36673383203957555, 0.15130142705005437, 0.48196474091037017, 1.1401792761291232e-17]"
generator_1,105,dev_08,192,0.12031523731552111,gas_ridge_pred,0.1084672105891032,0.1084672105891033,0.10846721058910325,"[0.0, 1.734723475976807e-16, 1.5200871295571216e-16, 1.0, 0.0]"
generator_1,105,dev_09,192,0.07888874887457885,lgb_residual_pred,0.08221053996883446,0.07743377469828869,0.0778463979484625,"[0.5526836202780459, 2.292599052660978e-16, 1.1350477388063666e-23, 5.854152009553212e-17, 0.447316379721954]"
generator_1,105,dev_10,192,0.07913445682008896,lgb_residual_pred,0.07954164693698854,0.0761953946060729,0.07914626751233295,"[0.44731987424376485, 8.002193547767023e-21, 0.12499037102406517, 4.2286579393831145e-20, 0.42768975473217014]"
generator_1,105,dev_11,192,0.10193484747436622,gas_ridge_pred,0.0969999688541231,0.09408464483387284,0.09937811317786154,"[5.378148100932647e-18, 0.0, 0.23342646367291636, 0.6667472141824151, 0.09982632214466845]"
generator_1,105,dev_12,192,0.12921522658243653,lgb_residual_pred,0.12815300007938493,0.12453530481981699,0.1304158007577429,"[0.4126395150076002, 7.649168089684495e-17, 7.58844608323147e-17, 1.542836490792084e-16, 0.5873604849923998]"
generator_1,105,dev_13,192,0.05585862887087234,persistence_pred,0.05606535138746438,0.05488117614557311,0.05538408455524647,"[0.8721183153703762, 0.06609795927985707, 0.06178372534976679, 9.630932854615255e-19, 9.323479648067671e-19]"
generator_1,105,dev_14,192,0.050155980141376295,persistence_pred,0.05137595258550351,0.04946439812605611,0.05551546978460601,"[0.6863421679747325, 3.987317034501872e-18, 0.16619483508519442, 0.1474629969400728, 2.6355925171283507e-20]"
generator_1,105,dev_15,192,0.07194933447157055,persistence_pred,0.06830890249108787,0.06812262709094934,0.06898445107639833,"[0.8424867898506871, 0.0, 0.0, 1.986231869494593e-16, 0.1575132101493128]"
generator_1,105,dev_16,192,0.061858930908695764,recent_ridge_pred,0.059853336500124144,0.05785414969998659,0.0739472561345856,"[0.17325712992869297, 9.078286986130607e-19, 0.5841006723535318, 0.07177102967101769, 0.17087116804675767]"
generator_1,105,dev_17,192,0.09985901835513067,recent_ridge_pred,0.08527250470623775,0.08419567190631826,0.08430253855944247,"[3.60704609964648e-16, 5.785257871417857e-16, 0.6211321198011382, 5.386594101028929e-19, 0.3788678801988616]"
generator_1,105,dev_18,192,0.06071932804368616,lgb_residual_pred,0.055709101105445614,0.0551686437630134,0.05565870630981618,"[1.2313554837951666e-16, 5.053783973195511e-19, 4.598033409949942e-17, 0.2108744106214655, 0.7891255893785348]"
generator_1,105,dev_19,192,0.06822691001293392,gas_ridge_pred,0.06746789296499466,0.06592526919073353,0.0701115468630529,"[0.2301383825752465, 2.8845426486885666e-16, 3.288567551878688e-19, 0.31405157134336814, 0.45581004608138515]"
generator_1,120,dev_01,192,0.06378511184886161,persistence_pred,0.06414410961169854,0.05868815287706699,0.07282897609018447,"[0.5761388558978243, 2.1491795835493047e-20, 0.1689656717172991, 7.217391149494801e-19, 0.25489547238487653]"
generator_1,120,dev_02,192,0.10176774694662209,ridge_pred,0.09785215022711118,0.09680068560047646,0.10628246981825555,"[0.2385361921777796, 0.5133677718607603, 0.06946736741190129, 3.0346921050746366e-17, 0.17862866854955878]"
generator_1,120,dev_03,192,0.11397420529617336,gas_ridge_pred,0.11203080733706723,0.10950281772049515,0.11660409177514379,"[0.22657562870534526, 8.6980559994405e-19, 2.8589063277492097e-16, 0.3920289728343424, 0.3813953984603121]"
generator_1,120,dev_04,192,0.11104533865982665,persistence_pred,0.1125375790841765,0.11089267914020517,0.11422456826669962,"[0.8732251898389096, 1.1395288919456036e-17, 4.7443014680365925e-21, 4.430740701102189e-17, 0.12677481016109057]"
generator_1,120,dev_05,192,0.06231655208127503,persistence_pred,0.058304999766463306,0.05818907133006618,0.06833481345114668,"[0.9447243156567111, 0.0, 0.05527568434328879, 1.7892288402399058e-17, 0.0]"
generator_1,120,dev_06,192,0.04433231531843681,persistence_pred,0.044175402527977865,0.04375599084338239,0.045513602421583164,"[0.9367983223192171, 1.62131783776462e-19, 0.03552592770252204, 0.027675749978260784, 3.39191796418921e-19]"
generator_1,120,dev_07,192,0.1047388796894501,ridge_pred,0.10352895310080464,0.10073032109068254,0.10620219797699763,"[0.03202579626033159, 0.2516270892572657, 0.14229250604439164, 0.5217473476655373, 0.052307260772473954]"
generator_1,120,dev_08,192,0.12767147000355458,gas_ridge_pred,0.1141219706397726,0.1141219706397726,0.11416592042156809,"[2.4601137825321282e-17, 1.3793349319424923e-16, 3.0649370267155245e-16, 0.9999999999999996, 0.0]"
generator_1,120,dev_09,192,0.08512985249317691,lgb_residual_pred,0.08628670210095889,0.0821158442233101,0.08213223708813082,"[0.3867633583836796, 9.728828723478308e-17, 9.051988149663053e-17, 1.3958356593439728e-17, 0.6132366416163203]"
generator_1,120,dev_10,192,0.08323323808831971,persistence_pred,0.08412705457590008,0.08192911367666598,0.08614813103886935,"[0.6302924483962024, 6.788182580132532e-18, 8.498811138248719e-18, 3.3154693782930523e-17, 0.3697075516037977]"
generator_1,120,dev_11,192,0.11030612238301112,gas_ridge_pred,0.1066746587035337,0.10283720508787812,0.10757123247419097,"[0.03877946623574708, 2.0749346018082754e-17, 0.2681202056623992, 0.6931003281018536, 3.547078715684606e-22]"
generator_1,120,dev_12,192,0.13618883348752978,lgb_residual_pred,0.1386400290738984,0.13285768969999148,0.13889193297791816,"[0.5231728039805016, 9.684382806696127e-17, 3.027422926535599e-19, 9.72960988352907e-17, 0.47682719601949874]"
generator_1,120,dev_13,192,0.05896838663318726,persistence_pred,0.058815937455194194,0.05782185395929771,0.05907234288080095,"[0.8875426030496868, 5.366168296591705e-19, 0.0976690656595546, 0.014788331290758811, 9.660970660570148e-19]"
generator_1,120,dev_14,192,0.05273745119650486,persistence_pred,0.054061627130150454,0.051578906540546476,0.05684174903792429,"[0.5723020176676058, 3.5102127797882264e-20, 0.1920622202917636, 0.23093147082493884, 0.004704291215691807]"
generator_1,120,dev_15,192,0.07805112780746383,persistence_pred,0.07370153251786078,0.0736909207294153,0.07430701807775363,"[0.963671473706156, 1.5314376914534236e-18, 6.231316674860426e-17, 8.69822831385372e-19, 0.03632852629384394]"
generator_1,120,dev_16,192,0.06577367227913249,recent_ridge_pred,0.0646606164738538,0.06175055067836882,0.07503000598960731,"[3.6850122489439e-18, 6.382993062335287e-18, 0.5304900379106786, 0.23931893013737857, 0.23019103195194282]"
generator_1,120,dev_17,192,0.10427618148862705,recent_ridge_pred,0.08846767619095379,0.08709124941427353,0.08733267762149738,"[1.551070042788663e-19, 4.763847133851387e-16, 0.5994880804350979, 9.678052206781841e-19, 0.4005119195649018]"
generator_1,120,dev_18,192,0.06512521621545822,ridge_pred,0.0596682954938863,0.05941329481472138,0.06156948493512638,"[1.4753522167730892e-18, 0.609392618188068, 2.0566924306255427e-16, 0.24561996495679214, 0.14498741685513963]"
generator_1,120,dev_19,192,0.0678525161244583,gas_ridge_pred,0.06701178575135949,0.06568090556267679,0.0712142078131467,"[0.04260472348935328, 7.997991026579682e-17, 1.4485649814142188e-18, 0.6369198857006663, 0.32047539080998044]"
