candidate,config,pooled_mape,delta_pp,fold_wins,recent5_wins,max_fold_regression_pp
price_ridge_a025_c05_pred,"{'model': 'ridge', 'alpha': 0.25, 'clip_mw': 5.0}",0.05293271704777995,0.033259453517456294,8,4,0.21420858396075035
price_huber_a025_c05_pred,"{'model': 'huber', 'alpha': 0.25, 'clip_mw': 5.0}",0.05293536569950584,0.03352431869004524,9,3,0.3880378065030096
price_gam_a025_c05_pred,"{'model': 'gam', 'alpha': 0.25, 'clip_mw': 5.0}",0.05345226039073786,0.08521378781324723,3,1,0.4491335925153911
price_ridge_a025_c10_pred,"{'model': 'ridge', 'alpha': 0.25, 'clip_mw': 10.0}",0.053822275309519045,0.12221527969136572,5,2,0.6107556868297642
price_huber_a025_c10_pred,"{'model': 'huber', 'alpha': 0.25, 'clip_mw': 10.0}",0.053889251608595895,0.12891290959905072,7,1,0.9376512168860138
price_huber_a050_c05_pred,"{'model': 'huber', 'alpha': 0.5, 'clip_mw': 5.0}",0.05444374617904491,0.18436236664395242,4,1,0.9866568806679438
price_ridge_a025_c15_pred,"{'model': 'ridge', 'alpha': 0.25, 'clip_mw': 15.0}",0.05445894694993846,0.18588244373330745,4,2,1.0367015147614151
price_gam_a025_c10_pred,"{'model': 'gam', 'alpha': 0.25, 'clip_mw': 10.0}",0.05451672594357344,0.19166034309680488,2,1,0.840994200950733
price_ridge_a050_c05_pred,"{'model': 'ridge', 'alpha': 0.5, 'clip_mw': 5.0}",0.05455348812539141,0.1953365612786022,3,2,0.6502633853453343
price_huber_a025_c15_pred,"{'model': 'huber', 'alpha': 0.25, 'clip_mw': 15.0}",0.05471398067606896,0.21138581634635722,7,1,1.4575697571600932
price_gam_a025_c15_pred,"{'model': 'gam', 'alpha': 0.25, 'clip_mw': 15.0}",0.05515075955773989,0.2550637045134502,2,1,1.0136167800670406
price_gam_a050_c05_pred,"{'model': 'gam', 'alpha': 0.5, 'clip_mw': 5.0}",0.05557196306819131,0.29718405555859206,2,1,1.0690455491161932
price_huber_a075_c05_pred,"{'model': 'huber', 'alpha': 0.75, 'clip_mw': 5.0}",0.056563163191301294,0.3963040678695906,0,0,1.6844383050854992
price_ridge_a075_c05_pred,"{'model': 'ridge', 'alpha': 0.75, 'clip_mw': 5.0}",0.05689623625006542,0.42961137374600344,1,1,1.1957901853171
price_huber_a050_c10_pred,"{'model': 'huber', 'alpha': 0.5, 'clip_mw': 10.0}",0.057138351038858094,0.45382285262527067,0,0,2.2867280714200064
price_ridge_a050_c10_pred,"{'model': 'ridge', 'alpha': 0.5, 'clip_mw': 10.0}",0.05734411065168068,0.474398813907529,2,2,1.6511869414206113
price_gam_a075_c05_pred,"{'model': 'gam', 'alpha': 0.75, 'clip_mw': 5.0}",0.058364831238230754,0.5764708725625366,2,1,1.763848307387708
price_gam_a050_c10_pred,"{'model': 'gam', 'alpha': 0.5, 'clip_mw': 10.0}",0.05877464456242589,0.6174522049820503,1,1,1.9819288414528111
price_huber_a100_c05_pred,"{'model': 'huber', 'alpha': 1.0, 'clip_mw': 5.0}",0.05906397212847641,0.6463849615871021,0,0,2.414201729635085
price_ridge_a050_c15_pred,"{'model': 'ridge', 'alpha': 0.5, 'clip_mw': 15.0}",0.05907802802857515,0.647790551596976,2,2,2.579476320645101
price_huber_a050_c15_pred,"{'model': 'huber', 'alpha': 0.5, 'clip_mw': 15.0}",0.05925160506776138,0.6651482555155991,1,0,3.381561206737109
price_ridge_a100_c05_pred,"{'model': 'ridge', 'alpha': 1.0, 'clip_mw': 5.0}",0.0596735364331247,0.7073413920519314,1,1,1.7844212609274546
price_gam_a050_c15_pred,"{'model': 'gam', 'alpha': 0.5, 'clip_mw': 15.0}",0.06056095636285674,0.7960833850251349,1,1,2.350781640840524
price_huber_a075_c10_pred,"{'model': 'huber', 'alpha': 0.75, 'clip_mw': 10.0}",0.06127882927157571,0.8678706758970325,0,0,3.70377481397868
price_gam_a100_c05_pred,"{'model': 'gam', 'alpha': 1.0, 'clip_mw': 5.0}",0.061551745196067736,0.8951622683462348,1,1,2.4805725560365257
price_ridge_a075_c10_pred,"{'model': 'ridge', 'alpha': 0.75, 'clip_mw': 10.0}",0.061873804434220275,0.9273681921614887,1,1,2.80265890911118
price_gam_a075_c10_pred,"{'model': 'gam', 'alpha': 0.75, 'clip_mw': 10.0}",0.06409198586277148,1.1491863350166096,1,1,3.161668734373116
price_ridge_a075_c15_pred,"{'model': 'ridge', 'alpha': 0.75, 'clip_mw': 15.0}",0.06483096924524383,1.2230846732638438,1,1,4.231266865355093
price_huber_a075_c15_pred,"{'model': 'huber', 'alpha': 0.75, 'clip_mw': 15.0}",0.0648447533113988,1.2244630798793412,0,0,5.418776243390473
price_huber_a100_c10_pred,"{'model': 'huber', 'alpha': 1.0, 'clip_mw': 10.0}",0.0659739629567899,1.3373840444184506,0,0,5.163796013032493
price_ridge_a100_c10_pred,"{'model': 'ridge', 'alpha': 1.0, 'clip_mw': 10.0}",0.06703213856992049,1.4432016057315102,0,0,4.006031647701007
price_gam_a075_c15_pred,"{'model': 'gam', 'alpha': 0.75, 'clip_mw': 15.0}",0.06724688494144258,1.4646762428837197,0,0,3.720215603014658
price_gam_a100_c10_pred,"{'model': 'gam', 'alpha': 1.0, 'clip_mw': 10.0}",0.07014074483705576,1.7540622324450375,0,0,4.359836744177478
price_huber_a100_c15_pred,"{'model': 'huber', 'alpha': 1.0, 'clip_mw': 15.0}",0.07106277361449374,1.8462651101888357,0,0,7.5292310068692485
price_ridge_a100_c15_pred,"{'model': 'ridge', 'alpha': 1.0, 'clip_mw': 15.0}",0.07134021277590885,1.8740090263303464,0,0,5.995507996838183
price_gam_a100_c15_pred,"{'model': 'gam', 'alpha': 1.0, 'clip_mw': 15.0}",0.07474462776013371,2.2144505247528325,0,0,5.104867738765143
