datetime,generator_1_t+15_pred,generator_1_t+30_pred,generator_1_t+45_pred,generator_1_t+60_pred,generator_1_t+75_pred,generator_1_t+90_pred,generator_1_t+105_pred,generator_1_t+120_pred,generator_all_t+15_pred,generator_all_t+30_pred,generator_all_t+45_pred,generator_all_t+60_pred,generator_all_t+75_pred,generator_all_t+90_pred,generator_all_t+105_pred,generator_all_t+120_pred
2025-05-01 00:00:00,103.73909614081246,104.1277296000788,104.0239086348314,104.11192427883309,103.98482171558044,103.6267924710219,103.75748694397755,103.50847524402346,317.15272936376624,317.39686075486946,317.2305014996826,317.1769554736059,317.10376880440475,317.62879055119686,318.7579278136744,319.63308492986147
2025-05-01 00:15:00,102.96786494361244,103.20487553424752,103.0149538020743,103.31134919894026,103.10509118590736,102.89442919252576,102.73133159892684,102.8559280882623,320.889675954909,321.2782478992152,321.374583215616,322.2716332115561,322.6143808505286,323.3388796883252,324.1250967996294,325.73320574653803
2025-05-01 00:30:00,103.2393990852897,103.5477267545895,103.51520952646304,103.84326614936263,103.9507935734364,103.68497691515933,103.92439925986096,104.3695608317302,320.06694016508914,321.0439549296915,321.6146509598444,322.74128037890216,323.7699753508205,324.5456417573655,326.1022355786131,328.53609050092484
2025-05-01 00:45:00,103.06908393237757,103.19931012530996,103.2603706376915,103.66511986124772,103.56632319969874,103.16087391857091,103.66657256223428,103.64082672425938,321.1514470870083,321.6762408055545,322.2227766958162,323.285849945988,324.3408568483621,324.7868604678439,326.0257862785942,328.0158850396462
2025-05-01 01:00:00,103.48453695966523,103.696183637712,103.9463309919583,103.99489889915938,104.04297310414448,104.30797589654406,104.5080141225484,104.37182536786416,320.65876117296654,321.5530203571059,322.34837418603473,323.4253245781356,324.77874508010706,326.16549234395325,326.8075711832532,328.09277781367376
2025-05-01 01:15:00,103.9991087349786,104.5463758868734,104.7098659760488,104.87468245200589,105.26179554137332,105.07594493007846,105.30668303686129,105.52377248568068,323.3811519845794,325.3632773783341,325.4243720604589,326.84168660734093,328.0449312598444,328.4492700378049,328.69590630210286,330.01224766192325
2025-05-01 01:30:00,111.80542257376553,111.60622445761936,112.14614354243218,112.0588578207474,111.88348067353678,111.72240559948648,111.5679335605156,111.137166403933,340.3130343623039,340.31801901792346,340.4189850212236,340.5225776600035,340.5318797183813,340.5449666625336,340.56287047520266,340.57244325534424
2025-05-01 01:45:00,119.88876252175012,119.8694215881932,119.85069952204874,119.88687592043988,119.34217760821451,118.76555685440984,118.63534536728967,117.88879681915326,349.3386294552634,349.38929184980395,349.4566203537984,349.4432024358164,349.4587423182785,349.40668992211533,349.27681106380857,349.2540020943429
2025-05-01 02:00:00,118.72998327069398,119.19007912964396,118.62855284768928,118.68120980929154,118.19008536855478,117.86682120711876,118.06432239625433,116.94834968142057,349.6737258323061,349.7002053021643,349.6445918787473,349.5678769138306,349.5601115745639,349.5706061485238,349.6661855500963,349.667148859293
2025-05-01 02:15:00,115.59078673074222,115.2012366427598,114.81078595346531,114.90280233798217,114.24561542634,114.44642406596292,113.88783795673643,113.60223251601322,346.03122773110755,345.9357690528145,345.8011264156876,345.72173771854875,345.7112203838223,345.79565230586314,345.81375500777625,345.8176701167785
2025-05-01 02:30:00,116.34828020831536,115.9734982303686,115.76657419457902,115.77057797784704,115.206882210021,114.81333924857802,114.49533855412616,114.00762816322208,345.7927532616819,345.7026681095604,345.54400090695765,345.4169195123485,345.3885028106441,345.3148705484813,345.285663313545,345.29449279026903
2025-05-01 02:45:00,118.17214401945452,117.69522012646851,117.35737173427074,117.27900183592767,115.87377094786176,115.62457726263398,115.6040505358215,114.3776106634927,349.9549562145125,349.7846345976701,349.5406367494355,349.3525981347369,349.1668610497303,348.9875712584286,348.8877844534249,348.8161696501804
2025-05-01 03:00:00,118.74611764770738,118.51397321690142,118.37413335088384,117.94402732231757,117.3175239946302,116.96080230886632,117.05133777846656,116.23610587854787,334.96661020210064,335.6138154101941,336.16650512610545,335.8970627333497,335.6593082973333,335.3214525261652,334.6622969339953,333.2465405964085
2025-05-01 03:15:00,115.77492135171214,115.37875368323309,114.96674408319342,114.45519414303148,113.7927839747999,113.56226069390924,112.99216206277217,112.63132649030116,331.53396007738434,331.52223558696244,331.3384289290512,330.5793677616062,329.7194967273085,328.9359019889384,327.89231937806665,325.3710010437053
2025-05-01 03:30:00,117.15043508173396,116.30584049664988,116.22428385476373,115.9522849873934,115.47284506642484,114.94906626757498,114.40621304466704,114.187135771496,331.71147827039783,330.99074808976627,331.31221224417254,331.2054828261576,330.9579227442173,330.7130588563662,329.81528977746547,329.7434918246755
2025-05-01 03:45:00,117.65212886802937,117.3447512848936,117.23266017735808,116.78016631292232,116.3706971219603,115.46224454498898,115.04263841260706,115.0238145351344,332.54907476807534,332.54483581797143,332.4730561759128,332.1123811232116,331.9654123101128,330.9105388796725,330.7408833984635,330.6973135325068
2025-05-01 04:00:00,118.54557322493378,118.41900555430976,118.6326442958401,117.9475612639174,117.37324881072324,116.98109953111202,116.51698017137308,116.67628523357078,330.8019343026612,331.28348594651897,331.8635055582208,331.39852624978863,330.1065483744276,329.3767847707034,329.35813558266045,328.44046881882906
2025-05-01 04:15:00,115.61864851072863,115.4870751287066,115.0853073199948,114.63481324058966,114.26711336598233,114.12232237730638,114.28808942545024,114.06136459276529,325.7809123018903,325.6752697266665,325.3783664098688,325.0099130120949,324.1295342787689,324.1821668998153,324.5322254591389,324.3230352822904
2025-05-01 04:30:00,111.26998968312836,111.28531388207077,111.00292621343942,110.9683593012154,110.90081177434595,110.9775941061855,110.9231716964322,111.31859621013623,321.47056040887566,321.2772117748787,321.1183996822523,321.1309657865156,321.080114950776,321.0922186506208,321.53879242174963,322.242885820491
2025-05-01 04:45:00,111.4557726980754,111.30539836228172,111.41019815464838,111.58122469001114,111.7211032283369,111.51462964749348,111.58710414169462,111.742492685912,322.81554944305043,322.0418307431473,322.683420790108,323.6428376286105,324.02898387371147,323.8363843692498,324.733099635088,325.55991053677366
2025-05-01 05:00:00,107.25341168115352,107.60607498727552,107.80857858281055,107.68637119435364,107.89081223124192,108.1064367188626,108.52851590264756,108.52209580483728,318.3776624929603,318.7636148752516,319.62386796678067,320.4963474670534,320.7131423171252,321.9246351902965,322.8682610537571,323.87707785717885
2025-05-01 05:15:00,121.19003392658816,121.45605060716458,121.60383601044649,121.04824332052264,121.21306376703834,121.13984114067244,120.7404941697876,120.97874754191876,334.1056337477143,336.99375121051906,338.42073308369254,340.3379601615761,342.6939400937184,342.527087517893,343.1726982669882,344.53480581002145
2025-05-01 05:30:00,123.32290556329266,123.9635092601115,123.54436333440604,123.41651202404611,123.65474168216176,123.07900224254658,123.16055646037124,122.89784272019811,336.46490468642656,338.43786419356644,339.11776979496585,341.4118123978627,343.01189009012734,342.7669418006936,342.8393580145392,343.41572414357285
2025-05-01 05:45:00,123.42666920579468,122.90377470278484,123.1261946698641,123.23599358286842,123.16549628622565,123.10397615448262,122.60061371266708,122.60224590755897,335.3809551331681,336.68507084482167,338.3362481112911,341.378081716895,343.3598453535167,343.79915532921325,344.1036784423943,344.6810489363735
2025-05-01 06:00:00,126.72483123177436,127.16575157456064,127.69217979945095,127.32092127753782,127.26377962511631,126.71878905417014,126.60670003463406,126.64207977375474,342.75712234332576,346.2684422534647,348.433332386741,350.56512077505033,351.94236513149053,351.76814902475513,351.2198895428792,351.3458110661388
2025-05-01 06:15:00,127.66610436287267,128.20914233216826,128.61728017492578,128.42794574631716,127.82563485447334,127.48177487213484,127.45989332983008,126.70528291239194,353.37922373379223,353.5553511632084,353.6558416895748,353.6918316887916,353.5670175836844,353.4571516780152,353.4284346907521,353.29030948291467
2025-05-01 06:30:00,121.71583354363143,121.62149147137497,121.27094807169108,121.34922939235284,120.88465449909764,120.57769425952164,120.08006210375548,119.9027736455398,349.6960058478068,349.6188296110728,349.5311748163028,349.40641711273014,349.235833203983,349.0880732622755,348.96220661087824,348.98721265445096
2025-05-01 06:45:00,114.60104195907246,114.44626401187844,114.50862918064396,114.16805054000156,114.31293585007008,113.5941332929048,113.98275161636384,114.32608202626491,339.26323696595404,339.08278835603454,338.9650129619817,338.8812066602458,338.7844381327154,338.5958225671486,338.6042292530361,338.72406676433013
2025-05-01 07:00:00,108.15596942805176,108.128345921546,107.87589109538357,107.92871343190276,107.53707757258168,108.44045107227716,108.5535474294806,108.41653379087198,333.6004282718755,333.3608540899877,333.12633215813264,333.06799315752545,332.8931195588494,332.95215680958137,333.03363246118687,333.0228428936188
2025-05-01 07:15:00,107.27959940473912,107.16994206365749,107.47562357014256,107.2042829761694,107.54266676105549,107.7213920371544,107.89185032090344,107.86364858412716,321.0034618611712,320.3026859202914,321.5032542899906,320.59884765816497,320.581296800323,320.3046472592401,320.2066278414612,319.4145828583633
2025-05-01 07:30:00,98.14748061774232,98.66527879926493,98.4923212449453,98.76025634344003,99.36615253120206,99.69568175073525,100.30559213555182,100.28610341463371,296.30421666084266,295.8920159700654,296.8464368637245,297.5848273329636,298.38003009173224,299.30444860640904,300.161466887729,300.9231278813836
2025-05-01 07:45:00,95.92640001713671,95.76228511112994,96.26802280740496,96.65823195903296,97.67129378605604,98.29542056732804,98.2048590039048,99.07642585880669,297.56569390944736,297.5713462504199,298.84449659611084,301.28438119100707,302.5196334915443,303.01407366394886,304.45809994166063,306.57705205503714
2025-05-01 08:00:00,100.68387390940016,101.38000098624588,102.16203062103529,101.97597376025178,103.1721703549438,103.26197399364912,103.31984530928902,103.67019188401,321.83920797385684,322.1395795864222,322.4233574676868,322.6401568460643,322.8155068066015,322.98272069570027,323.1313244011656,323.2012947997293
2025-05-01 08:15:00,101.06321866063058,101.59966664322468,101.8334391251938,102.00360122816488,102.64814136202564,102.81718341199986,103.19239235913048,103.1536975472954,326.8731745350665,326.9994131820183,327.1355728167565,327.38360803089586,327.4675522108482,327.62300502838474,327.72077598781993,327.6989324497896
2025-05-01 08:30:00,99.97369084841183,100.44905640573754,100.33429090331003,100.26123954983214,101.33912639097072,101.37229918000494,100.84021875986691,101.05769533839856,329.887237771835,330.0010649248682,330.10349602518784,330.20538558063805,330.3272305011279,330.3257558991062,330.23878320171286,330.2802981323413
2025-05-01 08:45:00,110.05703533271848,110.22481121969912,110.31107649742016,110.17926722573328,110.55773837395698,110.167486759036,109.60320397184913,109.99946345149698,343.1815895444294,343.1893359243675,343.2476524152319,343.3261002159023,343.333037460869,343.21375776353227,343.2412246747791,343.283035083742
2025-05-01 09:00:00,118.98526917160268,119.35533877565992,119.32404499280275,118.75464733261065,118.52800614230298,118.16860224744474,117.7420820112548,117.26918827971012,356.5764455171011,356.60198593140666,356.6746680312221,356.60043727127686,356.47417358358,356.4571599174382,356.4297633515504,356.3865759822479
2025-05-01 09:15:00,116.913918723976,116.82904026933788,116.21056288706512,115.44471186510664,114.85716834059936,114.41112575701784,114.18508398350852,113.20444501014686,350.0855209205375,350.00448282750745,349.86517249246964,349.56507198691656,349.45704564695325,349.2792046967534,349.3704157126601,349.1369955727373
2025-05-01 09:30:00,118.00685601145952,117.61780966531629,117.29777412810702,116.38135538649948,116.28258907007287,116.01146777633276,115.18723182649664,114.82652451567748,348.8950980605672,348.79476807368906,348.745824639061,348.69086827402407,348.6044224404392,348.5366093152858,348.4245618911397,348.36127668956345
2025-05-01 09:45:00,121.46719807796508,120.78003561357998,120.19233823649006,119.88360090511296,118.89641904941806,118.39059176630252,117.77859818594476,117.32917493383356,355.451811427409,355.3685999803252,355.202907618417,354.89890649225964,354.75448372437813,354.5291566424516,354.6873696292835,354.3209926967089
2025-05-01 10:00:00,120.87521246696824,120.3466632337327,120.041788006429,119.67384915742866,118.73728844412292,118.57524577240063,118.49286166389092,117.6471706260937,346.37232060386566,346.1542832442509,346.12076215423923,346.00951348294257,345.9250966926847,345.8912753630364,345.8152964786024,345.5317659371622
2025-05-01 10:15:00,114.3529004132358,114.33670133890568,114.0951872381754,113.80666768668348,113.5271228592812,113.24099775316624,113.68400562964564,113.33288053504978,340.7184135509223,340.43731696241764,340.31049679995385,340.31460301386244,340.39258638395336,340.32966743197073,340.39624735142104,340.42704306016594
2025-05-01 10:30:00,106.77988799107118,106.4398517659582,106.32923832337838,106.36139826475868,106.4952629476088,106.6363734380514,106.52378187727165,106.873097293642,321.38703033898975,321.4256340543613,322.84970984227164,322.648789038416,322.981542256504,323.31557382002296,323.28049843656754,324.14909470582
2025-05-01 10:45:00,98.7196866097378,98.53687276540204,98.67961626564738,99.05524535029782,99.90186821212764,100.19781276284463,100.73039050760866,101.99887693351982,303.3876452137214,302.96194182711935,304.02395040308465,304.58518905250617,305.2766760326501,305.73614014690963,306.4404088004918,308.5102144982496
2025-05-01 11:00:00,101.78042916581312,102.57303314850576,103.1685696843906,102.80669914283564,104.02084771951309,104.15660938020235,104.39616195150596,105.53975240471658,308.3925708509845,308.7813121769392,309.817636486724,309.0461071704434,308.99999367488283,309.6252404632904,309.71817245327856,310.8342631580635
2025-05-01 11:15:00,116.94787465826496,117.95104671185096,118.4339017149686,117.80601579360714,118.28766429803758,117.8447999576158,117.68722187608354,118.35646698266416,342.02235012819784,342.0761526572685,342.25851135547657,342.21470391359463,342.1574877787162,342.1361307723448,342.15462484082855,342.2151408909769
2025-05-01 11:30:00,109.94637028722327,110.00378045277246,109.6582973922404,109.85383691614274,109.95379969179996,109.54727965788976,110.0472370310282,110.14876634344604,337.2755366746452,337.24606079372734,337.1482162928234,337.12907271766824,336.96568091614233,336.89453465765166,336.8957850895305,336.9264040029257
2025-05-01 11:45:00,111.74367172715802,111.05013589501591,111.49831893593822,110.80880997009125,111.13251586140257,111.11480619616972,110.56464558372171,111.18332751220424,335.7174318456503,335.3923407689471,335.1777876776302,335.0092123747911,334.8473266787823,334.732369956396,334.69682650845454,334.7764503918209
2025-05-01 12:00:00,107.44395432422588,107.73300489365424,107.40000187019382,106.84054607154889,107.29303700275707,106.7608132944928,106.87005319275818,107.339349992079,329.6835798018712,329.37461683152776,329.1526924024274,329.0348083685931,328.9985546979693,329.0701106475952,329.2207974291136,329.3025843396917
2025-05-01 12:15:00,99.38461521696856,99.05821135086642,99.11522586191036,99.3447561205108,99.17049543614417,99.29123704015026,99.77473319511424,99.883746719513,307.22753689267967,304.1854054936037,302.9537076907349,301.9927243809688,301.3687545855671,301.87358823593104,303.3282206534947,301.3980238706377
2025-05-01 12:30:00,99.0971738904574,99.29652305055684,99.2937112938695,99.06755528219183,99.75892765689238,99.7025954930682,99.43671799972373,99.978729569689,308.06815575075785,306.1108557391093,306.1617568028146,305.0928585125401,305.71648245299275,306.08798782350243,305.5821415909762,305.2916581475972
2025-05-01 12:45:00,88.71848243270371,88.61209726776049,88.16215490580038,88.64525424639896,89.06490075623057,89.36000721185604,89.5637904434166,89.41546494260888,285.0529460965595,283.8430054569332,283.5670637270515,284.3519960055156,285.07781254808657,285.0531428390784,285.47927112181645,285.1782461728463
2025-05-01 13:00:00,92.3375981994364,91.96232614845556,92.38652659267112,92.40987849862478,93.06033268047187,93.7589764541045,93.61741382118956,94.13171534775054,268.5691272285199,267.9198237277706,269.7506615030247,270.5789299836164,270.9917130192938,271.85528807600093,272.3566212096909,273.35096020875955
2025-05-01 13:15:00,90.34200953855948,91.45880746762056,91.49852656744184,91.58522254943225,92.95415244368056,92.71000657154616,93.91697169888886,94.1686000381276,276.3195898203278,279.1156150550669,280.6549677492061,282.6039040300237,283.7149679295669,283.24030049182346,284.5606848574242,288.06568043171563
2025-05-01 13:30:00,91.8062315380662,91.57652865197645,91.79294035170813,92.08769243987275,92.7161675755874,93.27803720277456,93.87842185971468,93.94332244551065,273.04008749267297,273.21859735545945,274.24451276886066,275.6955333006521,275.98674881450205,276.6089117477778,277.5862031954542,278.48084648697534
2025-05-01 13:45:00,93.22780956765877,93.61604313521916,93.95872197190428,94.32624342699968,95.65519363211192,95.72433044719654,95.99069963026284,96.69291372979342,277.7950290899447,279.1644595103943,281.2035939557585,282.9968889213724,284.5771031015788,285.1123127204081,285.352700830956,288.0521485540087
2025-05-01 14:00:00,92.54397661615388,93.49016544993007,93.94479403771808,94.61193847699197,95.75139928958528,95.68930827931476,96.5627008890026,96.91215308587968,284.16654465573737,287.9177451644369,291.8697385261952,293.9694142231558,295.0774370451449,295.4607191408969,296.6673278593629,300.4716025775076
2025-05-01 14:15:00,94.24095378773528,94.3748053107704,94.96677121900996,95.39812259995686,96.1303525094533,96.65617269970208,96.81101545768313,97.55867959887216,291.6052972361472,294.2839189444795,296.55050709583526,297.7776137193185,298.40995277192206,299.089487480574,300.33982739581603,302.8216037909467
2025-05-01 14:30:00,94.56202200620127,95.55475889527588,95.72496747093044,96.15378462121625,97.10819255988896,96.7837526480338,97.38514044871332,97.80253782520413,308.0660363732024,312.1305239400364,314.29645357642045,315.6218166121491,317.90939324098974,317.94721243343173,318.0594636195574,319.8159612789361
2025-05-01 14:45:00,95.54757986975105,95.81321685995565,95.82907023498684,96.53801421951928,97.18890164199186,96.99935498963517,97.63260162212936,97.72412044915184,317.59817160727385,317.9456676576888,318.0551548562967,318.1992831723685,318.41205670814577,318.4067379079869,318.432059671306,318.417904244735
2025-05-01 15:00:00,99.33401016859231,99.7372562036974,100.22760750648143,100.69207069443723,100.93611763044214,100.81208373827414,100.99166824413666,101.17269779000188,325.4616053544287,325.66634275817444,325.85757708269955,325.98969295882483,326.1255000932758,326.1883159312257,326.1423170110741,326.0959107144104
2025-05-01 15:15:00,101.35491402394256,101.7517561369232,101.81976892460004,101.8761166319841,102.1765657701294,102.00218041437265,101.86620343428356,101.89170333539764,329.54617173531085,329.541021947156,329.50141720364473,329.3319652049084,329.1762898030013,329.01445698801456,328.8598168215351,328.68346914783234
2025-05-01 15:30:00,105.43337955381116,105.10399294303484,105.02455403986528,105.16282796621084,104.9034333671724,104.71651164065077,104.3178138431985,104.3487356418462,333.6413758542914,333.5295442047778,333.374576179041,333.17262070768425,333.02703875075946,332.92916930252176,332.78381156377856,332.7785515593173
2025-05-01 15:45:00,102.30124747453364,102.19179581939258,101.8117929090708,101.86554594749806,102.33603429647168,101.84342727822828,101.80991723964098,101.76206208281172,330.4514267120352,330.2943894519637,330.0454159641416,329.90941321889665,329.82038764998657,329.6150799373024,329.4761390445584,329.42359856762465
2025-05-01 16:00:00,96.46113379454702,96.62541006661029,96.49726345473982,96.80596619503618,97.0243762105022,97.44124328348154,97.238086838179,97.22640951872032,321.981577684044,322.0385048633899,322.1210386984525,322.11233640398393,322.0125025815648,321.9441737791552,321.8197465829407,321.69717775052254
2025-05-01 16:15:00,93.9334375534128,94.30496933573691,94.07396105974642,94.57098074362504,95.31985081920214,95.29547920590512,95.95567672553555,96.20067488242232,314.7742670101158,314.7773447269369,314.77548414297115,314.7796062155168,314.76320468716995,314.8117739386541,314.9209721036257,314.9341709022819
2025-05-01 16:30:00,94.155040106579,94.42816648088294,94.2342180865526,94.98531997489552,95.95829897162164,96.1159241865386,96.69206220559052,97.30800407807476,307.70844271514545,308.411296767561,309.46567708149195,310.85782745218785,312.23420812889657,313.67462903118843,315.12871448991194,317.9194231051392
2025-05-01 16:45:00,94.01892472088748,93.84514585032116,93.82424163524074,94.71381763296294,95.41621105710824,95.31085987321552,96.18672222391572,96.57874337328992,306.7487185545329,306.1962831724929,306.66643025155327,308.26685472756014,309.247824946745,310.2556979192866,312.31826408057657,314.9684436650076
2025-05-01 17:00:00,92.60670372237762,93.27257248141092,93.62460707770416,94.10316415125462,94.82960303082106,94.87249615665216,95.53136298026192,95.8453805972745,302.09212040334234,302.0519091120508,303.3829188014285,303.69733060510873,303.62921245857785,304.7329585319535,306.3515121461275,308.2257353280246
2025-05-01 17:15:00,94.7526496095208,95.23114199679502,95.2493813696762,95.74341696464674,96.64671825551024,96.46452915056948,96.8710546520665,96.94362847825602,308.2697144864127,310.2441231039336,310.56222399043406,311.866585092356,313.1867163193769,313.83533496657645,315.1763132300803,316.54166206452805
2025-05-01 17:30:00,112.57063145297847,112.41231310463512,113.07666566663544,112.7157241580252,112.61565051901412,111.88406138583068,111.52721648645692,111.4329670496083,338.1710110599911,338.1574580432879,338.244840246186,338.2512419768538,338.19628526707834,338.152789274948,338.1144786665071,338.14762724531056
2025-05-01 17:45:00,115.6375640899617,115.53021618725934,114.98919645337328,115.03194899688692,114.3283006122654,113.41943708979652,113.32592117300928,113.22752917036853,341.47676367652275,341.3992255341723,341.3455244941919,341.2253518412065,341.1752259883452,341.01776600659525,341.1323115040403,341.1911509272554
2025-05-01 18:00:00,116.25491601139989,115.68878618330758,115.65979131585637,114.89880083043874,113.62983453456025,113.8251896918421,113.48753524806996,112.57286337094084,342.4677872896904,342.3185410863369,342.2118029102631,342.1178624131278,342.07524226064595,342.063824508948,342.13372072552806,342.10978481423444
2025-05-01 18:15:00,108.20675311938334,108.17170475904392,107.63899026965883,106.8652472585802,106.76436157781748,106.8219751672732,106.65541460300172,106.12217402709518,334.7660766429493,334.6478854406417,334.5527461018487,334.4868721069373,334.4297687047367,334.3938336389781,334.42909158685825,334.4012619734518
2025-05-01 18:30:00,112.33235372393014,111.3544882712914,111.20165105062148,110.96086495670158,109.9780372951555,109.747684446142,109.22474017204924,108.94430270817304,335.23515305015405,335.10165207697867,334.96938617325554,334.9594121339987,334.9138511617094,334.833815897216,334.8067736983724,334.72362710723706
2025-05-01 18:45:00,110.50097907354026,109.91645360657536,109.4272945566468,109.1974809466438,108.2292100530431,107.50187001560168,107.7525170662372,107.2200402725056,332.81536387389724,332.5823728063792,332.40318714337207,332.3975845010125,332.36387411763434,332.3076111084756,332.241650065208,332.196827159838
2025-05-01 19:00:00,115.17493016322366,114.91657666205262,115.02464825219992,114.31381995789972,113.07338349173392,112.64669787230204,111.96573333054752,111.32930652795896,347.14492161703885,347.0906717854372,347.0486243691948,346.95062079026667,346.9306259640464,346.8756642298465,346.8030814096724,346.75013888256336
2025-05-01 19:15:00,116.45648349257772,116.51218393220164,115.8529933345854,115.37261605120976,114.63031179988924,114.19858433224552,113.4204069017724,112.51479596661112,347.3315287387581,347.38090032913635,347.3217006273744,347.28872156266164,347.22764221274707,347.07828991854404,346.97656337479015,346.8829322696034
2025-05-01 19:30:00,117.33838698324384,116.7599484100388,116.57529354304496,116.1069014075798,115.14768681432008,114.57065303636948,113.85178513247835,113.21276729248774,347.5090332290743,347.41678227139164,347.2702307291688,347.134946135809,347.012289781842,346.9354310906473,346.78223900992646,346.78348688973267
2025-05-01 19:45:00,117.19862055261422,116.7311484235204,116.61299953431788,116.12704837014726,115.54396543636318,114.62109323332582,114.06660562710424,113.98347542331598,347.3005441353905,347.16691363463696,347.01152997423554,346.8662754784837,346.8030181000135,346.6332155153228,346.59392937761845,346.6839378937595
2025-05-01 20:00:00,118.04023819273112,118.13765293274126,118.3161410649268,117.74852426495968,116.72396352584563,115.99730442671022,115.87496312434884,115.54376180168428,350.34544262696875,350.35760732462256,350.3584246222358,350.3251062246641,350.25263944792897,350.2294446677871,350.2956967737412,350.27256724063164
2025-05-01 20:15:00,114.73491724244728,113.9466261267622,113.68858875104428,113.3286430284326,112.12082323023456,111.70791713819553,111.61041595417014,110.86984711673897,346.467434962644,346.23849349329606,346.14022624905243,346.1055228152208,345.85324648000545,345.82947492808165,345.84512165080577,345.83973262160714
2025-05-01 20:30:00,114.20039669926122,113.54979251089662,113.06669882926604,112.65463628781848,111.67763799792456,111.03906567611284,110.87447720558626,110.36021936191128,343.004961811816,342.8849092793921,342.72137321039884,342.6212641676564,342.52536645138656,342.44728937463003,342.35722969426155,342.31866413909813
2025-05-01 20:45:00,116.62651598447827,115.82506369551368,115.26876929508704,114.9128831320452,113.93185880883294,113.14644104517272,112.95276696431029,112.55920188968184,343.0132430789369,342.77115257377767,342.58246145339683,342.6846657241205,342.5573816763652,342.49175601445063,342.46401021720715,342.4351813831447
2025-05-01 21:00:00,102.5123249216436,102.49715253882152,102.04849769997833,102.1670435227214,101.6491963221732,101.5092510402934,102.23048906519472,101.83090459291752,325.9998220641708,325.8730572904288,325.8571966123459,325.85175925955093,325.86371083271143,325.9803624482607,326.04345324999707,326.0716243076464
2025-05-01 21:15:00,101.72186465951069,101.5275760068667,101.5042031143334,101.34931659118372,101.14637873601066,101.09425418374,100.98585251452322,100.78859432401644,324.08112020506366,323.9976949394381,323.96499859217005,323.9453731205322,323.92029532202275,323.8776353776899,323.8748249641658,323.8421916335594
2025-05-01 21:30:00,98.97403523335235,99.33636954181114,99.0358404158573,99.11916191847196,99.75785650072145,99.15382292669456,100.18863228486263,100.34507811339316,319.4078918320667,319.3424104710804,319.32570640337883,319.3887756877025,319.40962745509296,319.3832779832866,319.406926330317,319.39223235350016
2025-05-01 21:45:00,104.39204351053078,104.19960060983804,104.41491638149412,104.66953226617424,104.73326775318392,104.60584478649474,104.95268327159978,104.9444613222574,317.46689052756625,316.6988436713761,317.61549829297513,318.0728915148491,318.8360734523075,319.2906791325178,319.82122985843057,320.9613208197801
2025-05-01 22:00:00,104.65841820949122,105.18292823440392,105.72930291970108,105.31288327232396,105.55591216740768,105.32061583827952,105.60360383234791,105.72042469313264,317.19503232130296,317.8670770140928,319.1437217253327,319.2962677937186,318.9116670548717,318.9715494737907,319.2197549124316,319.17108426070246
2025-05-01 22:15:00,103.38597448059176,103.4723451031224,103.7555967808102,103.67062519894124,103.72729118143556,103.80244713005833,103.9179151262886,103.53056155135316,320.5561703004905,321.5381910905684,321.7001352802377,322.53552390833585,322.9511552942788,323.0268362370163,323.2343958810617,324.2281859494775
2025-05-01 22:30:00,101.51373499602616,101.85464178792802,102.04097848077772,101.77978395393184,102.19972936185172,102.04824288381592,102.20833203586504,101.91244278556572,320.7608529927297,321.35944369468683,320.86305820074284,321.29534090621326,321.3597790298448,321.3155635264356,321.2619963149544,321.69180605397054
2025-05-01 22:45:00,104.29321929546734,104.466053041154,104.73816559667978,104.57010742378192,104.80130336761266,104.14228214425096,104.6214052242394,104.94199168308836,322.2527425598287,322.3311618934729,322.60580463992,323.3585975006238,323.9858488981537,324.14305522134686,324.36383896265653,325.23821805812736
2025-05-01 23:00:00,102.62156565997267,102.72190662982618,103.05689208733426,102.999936380367,102.9251993653859,102.68646256293816,103.45655688855176,103.08345325262522,322.27170486349564,322.41617845513247,322.56796649110885,322.58774625004946,322.6212115906264,322.7097592170056,322.7869112408307,322.89904439725314
2025-05-01 23:15:00,100.39185318840411,100.66588648831411,100.65657371659913,100.62543329862552,100.8496884217135,100.55022718485884,101.18378222010313,100.83157307453524,321.9671267086092,322.033399475648,322.0755812394472,322.0986930622557,322.1408763139888,322.172133907938,322.2693539166354,322.28894701361946
2025-05-01 23:30:00,101.00523418378516,100.90142459478838,101.10884239363604,101.06653014725704,101.5025637060898,101.10725328131734,101.55596969245832,101.48590905381086,321.82294296428023,321.733706816866,321.7388146332736,321.75834995208885,321.7189089101471,321.730334526767,321.76024661807537,321.7767510758099
2025-05-01 23:45:00,95.13733992846392,95.39433714233884,95.11742581721865,95.3208148641002,95.65969821503862,95.28143029982336,95.40924603110751,95.49265284117016,315.4705010392656,315.2304400148013,315.04918624558115,314.94620620164653,314.9169435256806,314.84742445448967,314.8743080161135,314.9915226370994
2025-05-02 00:00:00,104.3092961785257,104.14552810453372,104.53302636071578,104.33083461470282,104.1532228410172,103.94071179238694,104.0501704142758,104.18566832975225,311.9795518730855,311.0876648641324,311.4367412817919,311.0718676518712,311.52062670712724,312.9310347555122,313.88714007422004,314.56559169298816
2025-05-02 00:15:00,103.52109710863166,103.9246691309749,103.66476505644046,103.63001703702228,103.37935586946864,103.17433460674282,103.5683393565311,103.64664677953076,302.45077920709804,301.73272463845893,302.096325007639,302.1048687160384,301.9537708330053,302.5779683260257,303.1616498613748,303.5979909210894
2025-05-02 00:30:00,106.77727985491344,106.72079129909876,106.91653185032678,106.82587046458109,106.8174676405752,106.8805481069692,106.91126045510704,107.14754771221052,306.5137126200649,306.4135098619935,306.76023841365964,307.10971691113855,307.96853266450614,308.2222876481661,309.0625425836496,310.4591815321665
2025-05-02 00:45:00,105.15048275969777,105.2147086691329,105.3910600235744,105.48803544305568,105.49338857853078,105.27456178321668,105.9246555646979,106.22903561638452,304.0277543449773,304.0593541509734,304.9069122689861,306.2217430325643,306.92106888907387,307.2532809952654,308.0030750431053,309.033241886026
2025-05-02 01:00:00,107.38927662817828,107.29451751587295,108.04969257473468,107.59555337944452,107.65310349622284,107.67440692780484,107.61788447765306,107.84557304504906,307.8712824258279,308.2692983447616,309.4331971581062,309.9693118592085,310.55230238377453,311.68781349150845,311.9687016460328,312.95351657411976
2025-05-02 01:15:00,104.35165988319196,104.84706428077844,104.76321234436756,104.79668881428168,104.97498468983812,104.85098504489012,105.22537059432244,105.03806646135416,306.02350357309336,307.67355073077835,307.7719260230798,308.4704508765449,309.3921257946928,310.03522329799875,310.27619041201325,312.31207429978326
2025-05-02 01:30:00,104.3682862315656,104.22806263217971,104.2946945352601,104.61035626782356,104.86041203786166,105.07039099995652,105.44431788020826,105.58489922491889,302.6861574016703,303.95310362600407,304.7530895036378,306.3135788130366,307.0520040473242,307.8383904359133,309.0924856790867,310.78456267041514
2025-05-02 01:45:00,106.40953896616476,106.42502368040472,107.042895047755,107.093163213439,107.41708854229684,107.35433597469694,107.41093664256084,108.10960868022688,308.9252237961168,310.0582122268908,311.52491656993374,312.4837405323421,313.7215575002696,314.6247987595965,315.3371261423561,317.9961639248083
2025-05-02 02:00:00,102.57450425478442,103.19536063044625,103.11268819845768,103.65860005404689,104.01048536832845,104.03846053150836,105.0039506447103,104.64145030636956,305.71129209403153,307.85501509662,308.41982670282414,308.4655917903234,309.27593843971385,309.9881572934002,310.4360922916692,312.1072262672367
2025-05-02 02:15:00,103.18341991199637,103.16089161877616,103.24599603681727,103.3896564814295,103.73476222170756,104.01222867490222,104.31995250019614,104.18473180623567,306.5007567414748,307.517659099649,307.71870097003693,308.6365378315506,309.3923108272164,310.80128610852887,311.1003988379958,312.49064778458273
2025-05-02 02:30:00,102.01533708019883,102.30233089913264,102.1643225055294,102.34651006315238,102.87613102453317,102.73193711777232,103.20809075804382,103.11880907501616,304.2901420998932,304.9378354452943,305.145054943233,305.544467812523,306.4565802654178,306.63052172013977,307.13558666784564,308.5268655819202
2025-05-02 02:45:00,103.09085994684187,102.71150096999254,102.75648364126177,103.12603142421312,103.62331344732904,103.57445834905133,103.93086256594113,103.6878899904252,305.3086375315641,304.6682094703678,304.4928216061436,305.5773892258662,306.7393207305361,307.1409114754876,308.0378414404672,309.51379630108386
2025-05-02 03:00:00,102.47555922571505,102.45142255249236,102.8823153708984,102.84351138516602,102.9381247525832,103.30455643573694,103.33027277116774,102.99112163400838,300.1890355732513,299.95847866714064,300.7399351565944,301.31936089422874,301.63518304345894,302.8937668953292,303.4495076846626,304.4576457528383
2025-05-02 03:15:00,105.83087787284978,106.25341283988664,106.55907037399965,106.1785836433578,106.1715363365574,105.9898290233195,105.7843756030706,105.83036883032332,304.48403359204707,304.8067475389895,305.2169642652958,304.9463648176343,305.6641991631644,305.79554160300154,306.65871673716447,307.2447896979345
2025-05-02 03:30:00,105.0124475695458,104.97634557261536,104.7130972238224,104.64806693867808,104.6680869942971,104.71359931732702,104.61258163028808,104.450097833532,299.6651803331329,299.3065176410546,299.38040860245223,300.1827146679438,300.6348713913979,300.92561011294595,301.35866030219665,301.6284756685546
2025-05-02 03:45:00,107.32846219281674,107.07183518736674,107.30423818401536,107.13947162101216,107.42562658704612,107.26111290483784,106.77066690628344,107.6180658248878,303.52948494545103,303.9557595020933,304.77200326857314,305.2069196729199,305.8554804983331,305.9587147962637,305.80073845554097,306.92445031111066
2025-05-02 04:00:00,106.77046497007122,107.1018978279786,106.96316529799265,106.73731426458224,106.86546673120216,107.03842433677691,107.21939019782384,107.26311104488178,302.5980080198658,304.15362095915066,305.41777513489785,306.3938246314964,307.10839953036816,307.4220902769556,308.3420411768908,309.0663145174415
2025-05-02 04:15:00,107.74891459036316,107.3049602250345,107.53842131978516,107.33298309080698,107.21553804440136,107.57236269745566,107.41369232447929,107.69221154911548,305.93374679328105,306.11551286622193,306.6268589310327,306.9894543862098,307.1093250142096,307.884128113181,308.23368475847786,308.8328149825345
2025-05-02 04:30:00,104.50054002981534,104.5260543957146,104.1938772152812,104.17248811111594,104.59348073132008,104.57440785471312,104.86537672271764,105.15379456965395,299.85832960019354,299.14829411221,299.6620668089382,299.87174473807744,301.0738325050106,301.58584858528,302.468721561372,303.8284485779817
2025-05-02 04:45:00,99.02119023348344,98.65100499170974,98.75892792328644,99.25017856785492,99.47124741125027,99.67191160916516,100.40777352621022,100.81412541336076,291.99243560672136,291.52265411300624,292.393251211844,293.89268278177576,294.5113753947048,294.94391132434555,295.9739053357366,297.18428564516705
2025-05-02 05:00:00,101.18429900534404,100.85280610568306,101.45938027450718,101.36107902005456,102.05524762876334,102.54836042534504,102.73702925486742,103.11685583625844,281.906558899437,282.9704252548742,284.04129200281045,285.02358459708216,285.7696374666229,286.5860535816252,286.9576708875139,288.2530773838237
2025-05-02 05:15:00,101.71495637789656,102.17584606351818,102.4418741645204,102.29039055204116,102.96455995440007,103.2068132963594,103.54370785319377,103.66039066361924,284.6523217490937,286.44019671456954,287.9118594403509,289.3093761033105,290.1612548069388,290.57350798471435,291.30192102265204,291.97935887727306
2025-05-02 05:30:00,99.36630240523392,99.43441589745336,99.31467645509032,99.66867812892944,100.47117970495287,101.20950176621103,101.45389798113575,101.91476860105432,280.472401401155,282.18521858796765,283.4292923342438,285.3211521380254,286.658562168839,288.44719989424215,287.9082983283405,289.7361518616188
2025-05-02 05:45:00,101.4605766708805,101.40741341159034,102.10174530425432,102.30443867098762,103.0875782687934,103.36043626735508,103.33671301417986,103.72589691211354,286.4423301879584,288.1252150994565,290.12683962538784,292.5479220416393,294.1786959944821,294.44203743709977,294.5801894226118,296.20624314516607
2025-05-02 06:00:00,105.0760396689702,105.91875970629496,106.12254453381152,106.45925459666172,107.31649163567596,107.20632495009085,107.48429604683396,107.84122325659628,292.2821632036733,296.3283989014521,299.53355805746,302.13635511495204,303.2698085748853,303.2797004100113,303.16619128114746,305.30314042175024
2025-05-02 06:15:00,98.0794628987458,98.39287941078406,98.22745117600842,99.04230725176193,99.14482233048516,99.3990274119053,100.20062084188288,100.12008628174384,303.5384591596985,305.7908563447461,306.6082755500529,307.689695383403,307.8603822895193,308.31624586546474,308.55457878589067,308.69695992083894
2025-05-02 06:30:00,100.73169964077762,100.77427148193064,101.1999344966479,101.3781194193271,102.15166329275166,101.90651658064895,101.94802807521658,102.67216092720696,309.6832571381464,311.3075208423101,312.6911061465269,312.49181474029035,314.3879952064045,315.2311304010581,314.7356140927767,316.2673658390968
2025-05-02 06:45:00,101.71796328237728,102.08004392012715,101.99850886589732,102.55084742138932,103.10674640213811,102.59889384646846,103.22282969622243,103.30498284078357,316.978808077972,318.88820468802385,319.2682277584572,321.5474409134734,322.8844583339492,322.2317907144546,322.2176581567337,323.4724269032751
2025-05-02 07:00:00,112.87155074864552,112.60245065633048,113.12112495393065,112.79481131823913,112.35555518787604,112.58807662498585,112.11712613866862,111.99345546766678,325.1457817226298,325.5259550774283,326.049877140688,326.3801224986371,326.61934822186817,327.1598076418807,327.3250903572068,327.21071629391344
2025-05-02 07:15:00,113.56879811384346,113.97433423408498,113.55589629766348,113.37808018326372,113.31889581570282,112.8910295188796,112.95239336949186,112.41618113561192,313.2660736404814,313.8022291035089,314.06524654556216,313.42146515801227,313.326591477984,313.1511268890124,312.985441606967,312.4037851241462
2025-05-02 07:30:00,104.2266611824771,103.80989535239904,103.33056313319985,103.6122270013286,103.7253062687444,103.90203144695457,103.84143485073425,103.4151472287458,304.6009772308426,304.15900741077746,303.9955388975821,304.2593921251168,304.6940362625776,305.185423815957,305.37752782816625,305.62709377078363
2025-05-02 07:45:00,105.23510075187494,104.69885107528616,105.10369590076728,105.09185391288769,105.44406616726476,105.30171365514644,104.97906338603548,105.01171590331435,304.1039149869311,303.4169066281001,303.8393273345088,304.0116148377832,304.2431498514053,304.1573527552488,304.1559465741029,304.71006868859416
2025-05-02 08:00:00,102.72651148004772,103.39551085146744,103.40914311895384,103.46451895193135,103.45277078166929,103.39589255843798,104.06735765153935,103.6772463173081,310.4419216175915,311.38586586045574,311.9048036317747,312.36795439052673,313.34133023591664,314.5368469049551,316.01019238142305,316.9293890449474
2025-05-02 08:15:00,107.14512648589748,106.8236797840743,107.27524934160164,107.24280338280482,106.85770704621632,106.80445088165018,106.53167051581455,106.4150712262897,328.812849023042,328.82541839098315,328.8208590435212,328.75445221328084,328.717632662695,328.7202829379292,328.64749373854534,328.5887254989116
2025-05-02 08:30:00,104.18639375466152,104.99304220227494,104.54311640861263,104.660596636621,105.47358246771122,104.93367863467782,104.70020184151446,104.96281144481644,334.47021131282025,334.64665491293385,334.69427751494464,334.7754427277748,334.7724273045216,334.76519901344693,334.7002267399199,334.6693592965323
2025-05-02 08:45:00,101.97334295518054,101.44737436246164,101.45255479948229,101.50956597399968,101.48137696203102,101.41193925465812,100.90045916816008,100.77068560117706,333.2076934898807,333.0935061709795,332.9368173680398,332.8752555888765,332.66591072755216,332.45020531253283,332.3807325637271,332.2571683377193
2025-05-02 09:00:00,102.79129735069826,102.43420625849257,102.93664303548634,102.25693824273368,102.1257323834138,102.14909441723668,101.62693159612895,101.1220245517448,338.1723764731445,337.9374339349074,337.72077479578854,337.39409235055825,337.2404777379008,337.0961405501131,336.9924370589757,336.89694338192515
2025-05-02 09:15:00,102.78799036741044,103.51277219876133,103.20891493465626,102.95634890867365,103.77072362603724,103.00748214826416,102.8920002463243,102.7814397654042,336.36229229448617,336.3531965938931,336.2590077656294,336.03387014629993,336.0586925208258,335.9465188865248,335.8550212498942,335.8127090427483
2025-05-02 09:30:00,101.04796119997876,100.48987379444873,100.22712351414272,100.71764689962237,100.90034602995917,100.72885968128102,100.60634213377422,99.9680745431426,334.6472680659064,334.5417520579584,334.4331211553695,334.4962266024395,334.4675249410211,334.4454914842044,334.4627929333888,334.3883807856292
2025-05-02 09:45:00,102.464263303133,101.98975580714216,102.2033236950642,102.07885522140748,102.58648565290818,102.49631905912165,102.06198537629302,101.95646058124431,337.1758031517242,337.04269932056644,336.98852596715506,336.8601634973241,336.86891377061863,336.8811999908961,336.8668874490345,336.8397467898208
2025-05-02 10:00:00,103.23763465048108,103.45698715180306,103.08430359039768,103.0646158438546,103.4673443497867,103.022415036812,102.94363037839648,102.74909047578316,338.04162440944253,338.0581206262192,337.991580606333,337.8358875492523,337.8069280594541,337.75875911776154,337.6338164339434,337.5693578062531
2025-05-02 10:15:00,103.30879367776458,102.96610241981767,102.54930514933544,102.34558582289483,102.33437234382332,102.03297332287332,101.81911321703656,101.52294542827896,332.96197035632474,332.6756700205579,332.4189140054672,332.2502797138108,332.099425656031,331.966747984016,331.8467106634056,331.7004678738324
2025-05-02 10:30:00,105.18921584855072,104.93644106978684,104.5322967872048,104.47240835600272,104.22767740882476,103.89280736065012,103.43573103254278,103.24200711593444,336.51151708714406,336.2928854547201,336.1510675105206,336.00920739813364,335.8545431388763,335.69967967009825,335.52318819563266,335.4198086799187
2025-05-02 10:45:00,101.32574976234274,101.07479415796529,100.65784601646816,100.59920149434907,100.73117302284471,100.1629166397017,100.20647044503792,99.99140070730826,326.4711550864754,326.28702304759776,326.12298760140936,325.98794729615486,325.8826594218303,325.6166695018772,325.4699973399987,325.4176242247804
2025-05-02 11:00:00,99.19433630087244,98.96514036933068,99.03283841927086,98.68464049183407,99.02049198414367,98.91955059301851,98.73526221301256,98.54471068620306,307.47991481627787,306.18200382351495,306.94445348253817,306.01742662151275,304.3700035144173,304.2554113047207,303.8032410815068,301.70307418378883
2025-05-02 11:15:00,93.23482317144024,93.58338037437704,93.48730501404538,93.24865109070927,94.03263681829512,93.7243765070561,94.0179565072286,94.41582271974492,300.71277945112786,300.3634412703558,300.6672047840125,300.0086822117918,299.8320819460656,299.4209056110375,298.6553699262325,297.78328874914405
2025-05-02 11:30:00,90.6495865024756,90.43509940034484,90.203368517697,90.45018418607944,90.76880970264372,90.76193408011534,91.19392399424584,91.3786745927535,296.9291457272147,295.46647408906045,295.1611063904583,294.68448734925875,294.6321381874515,294.3695007074588,294.4409717481128,293.87754033615414
2025-05-02 11:45:00,94.48958253806391,94.46346181711688,94.83697758015582,94.8399210504805,95.67525683079975,95.24906971713524,95.2669164887502,96.01589687030888,303.55451710181853,302.5601489963018,302.4904391573399,302.2799090708912,301.8357519218949,301.0910535225591,300.07766003244257,299.4223787616628
2025-05-02 12:00:00,93.9641527309,94.65742586980733,94.50805527175037,94.5562268112002,95.50105069700513,95.2021732207797,96.17358065105388,95.82107674548476,297.2813532722342,297.3458952419842,297.3390959797364,296.3494672240357,296.1564395920489,295.47783483809724,295.2319742621625,294.3639981491203
2025-05-02 12:15:00,93.47306591351342,93.29026639075816,93.32061110535253,93.33936085835164,93.4264828404155,93.92257110837176,93.71845124243548,94.14052702780668,295.54552024507706,294.40626723240257,293.7813240472035,293.1487978032054,291.80619302877665,291.79739741271646,291.7248400269659,290.1306061773212
2025-05-02 12:30:00,93.49222091306032,93.82796750165454,93.94159365821746,93.7230668519181,94.168656603134,94.12540509974208,94.34737459753865,95.36700717712792,285.1615901864837,284.0962727315189,284.07806460721946,283.35134896761923,283.18709125030625,282.93762262527724,282.3614050823458,282.3198670360403
2025-05-02 12:45:00,94.4740680018496,94.4970459437382,94.600068623553,94.5074901569814,95.01049359776434,95.01210993083916,95.86836774841788,95.98622283212596,284.29981338831703,283.75476403603426,283.5993402023354,283.5398126733822,283.6355309555586,282.7116403949634,283.06219223884887,282.7136264009152
2025-05-02 13:00:00,93.97170324351544,93.79550221399109,93.9664222466458,93.9120944178214,94.02454955784394,94.45453645371867,94.96406907179924,95.14317544086644,280.3425727432468,279.5328420998629,279.7325072417676,280.3487604908763,280.1995127655842,281.30465504318954,282.0541526783059,282.152972926874
2025-05-02 13:15:00,94.88391043698608,95.18482982637082,95.32560516262272,94.97117145524348,95.50939588553676,95.4793487896557,96.06609493969034,96.53589561922703,279.8957901464639,279.6343686521896,279.869148761187,279.2839032929152,279.6242083826091,279.487676893682,279.7842725368335,279.62631539991787
2025-05-02 13:30:00,101.99058343053632,101.85846334701398,101.6709788068429,101.6028508421205,101.72023680991964,101.45470870267926,101.37337582637788,101.6789520762324,287.0885741216775,287.070374537386,287.5004466838685,288.2617061154525,288.4270532143405,288.1015691998016,288.04014094165296,288.2666713088477
2025-05-02 13:45:00,104.28296200235954,103.85125907344587,104.0676573421499,103.9741032644952,104.4060871760082,103.96672933546476,103.77021128435524,104.1108980693352,291.8361431419718,291.864037665056,292.2947416988847,292.94695284117347,293.44642815214144,292.6016701272714,292.30675700104257,292.6297031823347
2025-05-02 14:00:00,104.2828925274746,104.58467037932108,104.84680073405065,104.80363800695362,105.04539909266155,104.9072674827357,105.00154521107493,105.13061119483729,294.9283905201689,297.4141351424001,299.71352807787906,301.6143710532276,303.1034218510977,302.95272778579977,303.46807176203424,303.67143392272305
2025-05-02 14:15:00,105.0999164063444,105.04066170733353,105.46502361231472,105.11930849917788,105.55017003805236,105.335027115312,105.29487536537908,105.34037184512772,298.25567924148964,300.37657446147887,302.5948245175635,303.4117012037029,303.84642785786826,303.9643368370226,303.7619474406248,303.7804725496061
2025-05-02 14:30:00,108.50526289594792,108.45973876503334,108.8346559202329,108.67032029474096,108.81368058255322,108.52741325041195,108.2103928471066,108.39931416074684,307.3930938331109,310.7894403287971,312.11838483238483,312.716522086382,313.7616764827549,313.13318899948325,312.95353390609074,313.531758481043
2025-05-02 14:45:00,106.24900225878017,106.44672799253117,106.38525076717156,106.63367348439095,106.89409839428966,106.58403492811225,106.61839853437434,106.64978297919578,312.18977971366445,313.6675285602415,314.15465790816563,314.5042058663961,314.52357789827875,313.4777704009525,312.90920633995813,312.41208651463023
2025-05-02 15:00:00,105.72672443960244,105.49773614399518,105.95891874418488,106.0182836333455,106.24340308675978,106.3094749607506,105.98783006199524,105.6309067224108,314.8245924494602,316.7985084808654,317.3614279044021,317.577651385637,317.8121044511427,317.9623940375315,317.46685596826575,317.43567254798535
2025-05-02 15:15:00,112.8151676816578,113.07406641332088,113.47198925220188,113.27508036965408,113.10169129797671,112.81975498946682,112.36453355327622,112.36292905514588,327.0126210091606,327.62192050819624,327.3835713384774,326.630196254828,325.6800214978329,324.6343176321324,323.88979552687977,323.301479328109
2025-05-02 15:30:00,107.2492420585771,107.10544128032193,106.70367401441776,107.14894200995056,107.19493350972192,106.83665506999792,107.04891267387497,106.43045041245526,324.0034625184356,323.7142622803246,323.15081741328,323.2216102806195,322.6225866331176,321.9824839223183,321.929088133018,321.62315416267234
2025-05-02 15:45:00,107.10447579302348,106.58348435600377,106.9224758626473,106.89530219324352,107.12514556069944,107.40952089280054,106.65793005961108,106.56667417364096,324.9477199562245,324.60445309954,324.77816989006664,324.64624926151106,324.6613483153148,324.39095142370286,324.15431245465794,324.7854162913392
2025-05-02 16:00:00,103.33648093763304,103.85945040558006,103.90340618075436,103.97423104911488,104.13592611334394,103.6286628131217,103.93530852460262,103.55706352125377,321.03867525270783,320.7724443763547,320.9345286494443,320.110170304328,319.7742311804449,318.57978717372947,318.1683322807796,315.692220120795
2025-05-02 16:15:00,99.57150818022652,99.30214370284982,99.558017113899,99.66196034601325,99.1998445040608,99.69659727348122,99.73466840149436,98.98737300462952,314.0812669245071,313.1401583667512,312.96775831167,312.56750850562145,311.88466454832854,311.48005650974534,311.12248218343655,309.2103769204418
2025-05-02 16:30:00,100.3279719124496,100.14605993192876,100.39237899021704,100.08887753409616,100.465897638966,100.06283397489278,99.75045286101542,99.489284831915,306.83966369145514,305.766138986417,305.7677957589655,304.83129271839965,304.80969952272903,303.9086994647182,303.3443873505868,302.9088778904992
2025-05-02 16:45:00,97.78535464347316,98.00882708416262,97.85125452203408,97.99274759060964,98.60595029199028,98.13911618474732,98.30677865926762,98.45605881937786,308.48466812883106,308.5286110669545,308.56297958205863,308.97227004958665,309.0808855953844,308.0807757568341,308.545812932784,308.63727512692606
2025-05-02 17:00:00,105.54377569517912,104.91930142567476,105.3995057396802,105.33042713121031,104.91519106020056,105.25368734535864,104.89125003892798,104.42891263153422,317.8431604802796,318.7353819634913,319.2539700703821,319.4367202995073,318.8160199333008,319.100950809369,319.07134467829275,318.9820494754799
2025-05-02 17:15:00,105.13737430604218,105.79681278077716,105.83019405394954,105.6373813476764,105.9183193300645,105.30718400256872,105.10484072306843,105.16116649847982,322.7684008533517,324.3108115871325,324.3413639787359,323.7423377913525,323.8902350453485,322.9105440736987,322.79875587179504,322.56133859103903
2025-05-02 17:30:00,105.11950487009756,104.34320080218728,104.2344827883627,104.27739317453027,104.36125089582096,104.09017375005897,103.67033710179936,103.15960229976172,321.3801979723373,320.00817634828564,319.6152866203873,319.9686581390414,320.0864759422173,319.878944838021,319.70567516211406,318.5343320480691
2025-05-02 17:45:00,104.36909838744864,103.89212872771355,104.56940033508164,104.5225843115992,104.89115253059634,104.2528388286502,103.74158144642352,103.74437190388552,321.2598286783807,320.6397989321823,321.5622421312209,321.70403521990625,321.88880560705627,320.8874906849678,319.44988978549213,319.80846271625984
2025-05-02 18:00:00,102.61403228897731,102.66245966692998,102.8364280868685,103.00287740093816,102.71818770469956,102.27400344520429,103.06559927732756,102.32541967266796,319.8004324757403,320.2336292893325,320.81831770122847,320.6803098718491,320.1855397263147,319.597088150662,320.40942209421314,320.7079186041261
2025-05-02 18:15:00,96.36892451354196,96.344917914772,96.38599297104824,96.41773694981876,96.48785903439068,96.77570005372093,96.9106991196696,96.81911351199162,315.8796143534933,315.8763437357556,315.9762875655802,315.94795876231785,315.92385213712055,315.935604156254,316.01470560219354,316.03979036132205
2025-05-02 18:30:00,97.44471154893498,97.59627496085976,97.53745955163906,97.37802411267332,98.25519901162494,97.77315678053677,97.32619334550677,98.23826070488312,317.0504199933013,316.9784184276275,316.48972419972137,316.5423985382183,316.56546598681706,316.61767681662576,316.62604893079254,317.06184383657194
2025-05-02 18:45:00,96.99059253044037,96.10334156893497,95.92956483335732,95.92098197607528,95.56289282499226,95.30406405490228,95.92354525933328,95.86357181383732,316.6281482868941,316.38947368626293,316.0564690421007,316.0608377874228,316.05765615720827,316.0619268865217,316.1806287296583,316.176706765675
2025-05-02 19:00:00,98.87915979028264,98.69676860845664,99.01927490804556,98.73146327325762,98.74345963695316,98.59138117132964,98.81022781873736,98.433156423526,316.1579629266532,316.2203057099077,316.99760234509193,317.53928306574306,318.0956570066777,319.1354932019035,318.94622038314657,319.5000043102312
2025-05-02 19:15:00,100.23725387321842,100.13891187712986,100.03944353873447,99.74275794482926,99.20937788933134,98.97423060548846,99.34390908475568,98.71962433596352,317.3028856700495,317.3187713423304,317.0270921798705,316.2317354550762,316.4802720672913,315.7800870464692,316.0635927673399,314.85810331436335
2025-05-02 19:30:00,99.6607944908236,98.93078885295068,98.8847992620958,98.68418582002906,97.90591578058977,98.12964885544308,97.89064152119212,97.12845462792724,322.8303416357956,322.86393710961795,322.92999237263444,322.9916964637596,322.97887587074143,322.95273802859964,322.8087059867523,322.70147760360896
2025-05-02 19:45:00,98.99469612871688,98.74284583610104,98.50959326003655,98.22631048049794,98.20894881713008,97.5464194061232,97.735909260183,97.40227490447964,321.20692979143405,321.1859189360018,321.1620573289536,321.2023170034396,321.2927223285146,321.2514363620032,321.2826815710653,321.34927441419944
2025-05-02 20:00:00,97.70339201948558,97.6165859496633,97.88242214689912,97.24107834323068,96.7596643008008,96.4353027268553,97.02999258773056,96.44601286717932,322.3701043593659,322.3848065517984,322.4621487618975,322.4281522830177,322.3532799774752,322.2898169862044,322.2607032595,322.2502972958335
2025-05-02 20:15:00,97.59406042570356,97.04133080789371,96.87367243499904,96.20014987875776,95.383355359816,95.5556973605093,95.45123953935916,95.1122308191663,323.7219545424184,323.6140713270788,323.53671816650444,323.4570277848262,323.343303332766,323.40350118242105,323.345163928775,323.3685094868996
2025-05-02 20:30:00,96.71120731067904,96.5828231213412,95.9474058898145,95.3690965404836,95.23082017305764,94.87984215411949,95.03975999045784,94.7428115746804,323.3524675865932,323.2996398170755,323.2057433285325,323.10834951361363,323.0864818459871,323.0903774633049,323.15093657041444,323.08684015358733
2025-05-02 20:45:00,92.3200514905072,91.76385166287554,91.57943453918628,91.73872779305488,91.48352673389032,91.3616866421882,91.5832917535528,91.74430112048437,301.6941603933676,300.52383512185787,300.8678041229644,300.9654557845504,300.8768517651675,300.60156109296673,301.01979600778736,301.51965542958504
2025-05-02 21:00:00,93.711794145113,93.38917769737748,93.72035115304443,93.36591167288958,93.7695992252705,93.79975084762698,93.98787096080348,94.11335364197338,287.94826017106465,287.84931217604753,288.93227187983723,289.46478158166514,290.351038268646,291.48550083523645,292.1207373086667,292.6641694964899
2025-05-02 21:15:00,93.08172960853402,93.37521900904918,93.07387519776168,92.86711421511876,93.40499285905646,93.24916280125828,93.93217527836228,94.24472007860552,276.56137374831815,277.252586894851,278.00810426964097,278.98355514351704,280.0554246035186,280.6076530116883,280.9495610722577,282.21887698573784
2025-05-02 21:30:00,93.08406499931574,92.7344934526524,92.71402035866352,92.6460470639136,93.16389551015652,93.08915361430508,93.71819474339986,94.11808553607648,282.19244545445497,282.84920323682906,283.0745311546735,284.4224695081372,285.35347353464005,286.2617827731916,286.41402827654326,287.47813371575523
2025-05-02 21:45:00,92.55240829118466,92.75240514673057,92.8903410355148,92.76394814521008,93.62114086626272,93.48900189016403,94.2869915405119,94.97613648011864,280.71211621008706,281.514610637269,281.9966029927647,283.1191891468866,284.3037660151563,284.9910734608925,284.96259348856086,287.1120539920214
2025-05-02 22:00:00,94.23267892495753,94.4998811441534,94.7548751360969,94.67690858106307,95.3842709364264,95.71987133287134,96.32707047251176,96.73855535738,285.37712784037313,287.3706312129642,289.0603682112203,289.9641057648545,290.45542787424785,291.10526448451384,291.9074610401229,293.4408678480766
2025-05-02 22:15:00,94.17510812551517,94.21197615710962,94.26911876824764,94.39721106744324,95.21508819421136,95.53775282486804,96.04644124133864,96.6385250172359,289.5436351652952,291.0223973567967,291.5205263026605,292.8371722362787,293.5205992256544,293.78828205386213,294.28514513264946,295.8573779794497
2025-05-02 22:30:00,94.64452268937671,94.85936621944384,95.353849352705,95.41732878365843,96.2165890237112,96.12263742066932,96.63259483910264,97.53922603063587,305.57647048828926,308.48572882625206,310.03081288940365,311.5362504279496,311.9889810398328,311.7141714563406,311.3413697235279,311.8994883290728
2025-05-02 22:45:00,94.11929085262706,94.08281819856109,94.0780296571277,94.61998725199844,95.12996209450635,94.98937749609672,95.69746364495435,96.18089414464517,309.82494901070044,311.18918088200274,311.8619511278171,313.30241474172254,314.1906876469501,313.7408772475175,313.3491394312465,313.4423465223041
2025-05-02 23:00:00,94.12082799084104,94.45966567028648,94.82329835191092,95.04862055789069,95.44102764482172,95.61284870077344,96.16926837290296,96.46952627264284,318.07538599355894,318.1508589132137,318.3196753908886,318.4625475147981,318.6243553401696,318.6706334967432,318.6642030435187,318.5481399633358
2025-05-02 23:15:00,94.09916983085108,95.0112724586318,95.25855902262664,95.63021775387128,96.2232777621768,96.0146852410073,96.48754476048134,97.03774208325092,326.9345257415579,327.1417078744884,327.2403541236032,327.3415994857236,327.424767920304,327.35228710926816,327.3109219344041,327.24035538977427
2025-05-02 23:30:00,93.43403241663547,93.59320893180568,93.56494348175691,94.22303546360833,94.60051009233707,94.46893517211618,95.23912183345332,95.4130183136657,320.4243499950651,320.42632751220265,320.5110639072749,320.57166089629715,320.58942975145914,320.586770735658,320.5765061457235,320.5290710719135
2025-05-02 23:45:00,95.06309074287395,95.04729614984758,95.42637305306984,95.66615359621316,96.48140997860726,96.12237097566484,96.32608976748824,96.9041603870153,327.4795170858404,327.4856991639015,327.55628140872034,327.6128191400226,327.7102159033687,327.6508882024816,327.6405947436874,327.6482244330752
